EPI_YEAR,EPI_WEEK,tplot,rh_max_lag,rh_min_lag,t_min_lag,t_max_lag,LAMBDA_lag,p_total_lag,CASES_100K,label
2012,21,2012.4038461538462,96.09857142857143,52.42142857142857,22.462857142857143,28.197142857142858,0.7417286524556483,16.69,24.555989424164352,Epi
2012,22,2012.423076923077,91.38285714285715,64.85714285714286,22.712857142857143,27.888571428571428,0.7946188400097408,12.53,16.66793521339647,Pre
2012,23,2012.4423076923076,92.26714285714286,65.1,22.612857142857145,27.28,0.9568928308839475,6.55,11.547619322196262,Pre
2012,24,2012.4615384615386,95.91857142857143,65.03571428571429,22.734285714285715,27.544285714285714,1.0267437086849185,0.8400000000000001,8.164828042724654,Pre
2012,25,2012.4807692307693,93.81142857142858,72.35714285714286,22.03857142857143,27.764285714285712,1.0181597246909488,9.93,5.996766359063305,Pre
2012,26,2012.5,92.66857142857143,69.35714285714286,22.167142857142856,26.792857142857144,0.9940683639432581,58.15,3.644188787430778,Pre
2012,27,2012.5192307692307,92.59857142857143,70.76714285714286,20.205714285714286,26.05857142857143,0.907347905882057,19.880000000000003,2.8753725875508667,Pre
2012,28,2012.5384615384614,93.81285714285714,64.48285714285714,20.414285714285715,24.04,0.8127741979634955,25.59,1.5068797517646255,Pre
2012,29,2012.5576923076924,95.50857142857143,72.95428571428572,19.77285714285714,25.89857142857143,0.8342644793411583,32.37,1.1378479758222682,Pre
2012,30,2012.576923076923,90.58857142857143,72.75142857142858,18.692857142857143,22.451428571428572,0.7607836017388864,5.7700000000000005,0.7688161998799109,Pre
2012,31,2012.5961538461538,90.75142857142858,63.042857142857144,20.512857142857143,24.334285714285713,0.7782496740572727,11.42,1.2916112157982502,Pre
2012,32,2012.6153846153845,91.97428571428571,73.81428571428572,20.622857142857143,26.035714285714285,0.6760254687808789,16.96,1.0917190038294735,Pre
2012,33,2012.6346153846155,91.37571428571428,68.12571428571428,19.462857142857143,25.345714285714287,0.6796088932100389,43.86,1.1686006238174647,Pre
2012,34,2012.6538461538462,87.48285714285714,66.95428571428572,20.71857142857143,24.395714285714284,0.6737248675555201,3.33,1.0917190038294735,Pre
2012,35,2012.673076923077,92.83142857142857,70.20714285714286,19.135714285714286,25.497142857142858,0.6584041104071059,53.18,0.5227950159183394,Pre
2012,36,2012.6923076923076,93.21428571428571,71.56142857142858,18.76,24.63714285714286,0.5682612211759138,4.81,0.38440809993995545,Pre
2012,37,2012.7115384615386,92.65142857142857,69.96571428571428,18.017142857142858,26.857142857142858,0.588596541519844,7.37,0.707310903889518,Pre
2012,38,2012.7307692307693,94.25857142857143,64.99857142857142,17.6,23.810000000000002,0.35389949011124844,35.56,0.7226872278871163,Pre
2012,39,2012.75,91.14571428571428,56.17,19.224285714285713,22.144285714285715,0.5088271249820219,9.91,0.41516074793515184,Pre
2012,40,2012.7692307692307,91,57.964285714285715,19.025714285714287,26.904285714285713,0.5078651685393256,22.97,0.5689239879111341,Pre
2012,41,2012.7884615384614,92.13428571428571,64.87428571428572,18.10857142857143,25.924285714285716,0.6264255734090811,1.2500000000000002,0.38440809993995545,Pre
2012,42,2012.8076923076924,87.27714285714286,51.25142857142857,18.708571428571428,24.494285714285713,0.6153081510934393,0.09,0.5227950159183394,Pre
2012,43,2012.826923076923,87.64285714285714,59.31428571428572,18.014285714285716,25.208571428571428,0.5683339802057054,9.719999999999999,0.5227950159183394,Pre
2012,44,2012.8461538461538,95.25,56.642857142857146,18.247142857142858,25.455714285714286,0.3642342717695373,9.31,0.630429283901527,Pre
2012,45,2012.8653846153845,96.18714285714286,62.30285714285714,17.908571428571427,23.775714285714287,-0.088873883232911,0.16,0.39978442393755365,Pre
2012,46,2012.8846153846155,92.05285714285715,55.885714285714286,19.68285714285714,25.388571428571428,-0.012813292030413953,0.26,0.2613975079591697,Pre
2012,47,2012.9038461538462,95.95714285714286,62.33714285714286,20.995714285714286,26.305714285714284,-0.020974155069582633,20.3,0.5227950159183394,Pre
2012,48,2012.923076923077,96.28714285714285,55.544285714285714,17.8,30.15714285714286,0.10889078863004939,8.26,0.6765582558943216,Pre
2012,49,2012.9423076923076,90.91857142857143,58.917142857142856,18.51,23.608571428571427,0.08105358354058359,0.95,0.7226872278871163,Pre
2012,50,2012.9615384615386,92.51714285714286,45.34857142857143,20.312857142857144,26.952857142857145,1.1052453086140628,7.550000000000001,1.337740187791045,Pre
2012,51,2012.9807692307693,94.46428571428571,53.83142857142857,19.611428571428572,26.895714285714288,0.45402833233058026,5.23,0.7995688478751073,Pre
2012,52,2013,88.23142857142857,51.34142857142857,21.42142857142857,26.014285714285716,0.5573654761282224,4.96,1.2301059198078574,Pre
2013,1,2013.0192307692307,84.67999999999999,57.465714285714284,21.564285714285713,29.472857142857144,1.1545306154948638,7.640000000000001,2.2498757976728023,Pre
2013,2,2013.0384615384614,90.41,56.88428571428572,21.432857142857145,28.024285714285714,1.489631137182915,62.88,3.443687445417554,Pre
2013,3,2013.0576923076924,90.17714285714285,53.22428571428571,20.684285714285714,26.197142857142858,1.0864351636365346,0,3.4130768903471758,Pre
2013,4,2013.076923076923,93.31142857142858,60.29714285714286,20.141428571428573,24.552857142857142,1.0959405843093535,40.089999999999996,4.086509101895498,Pre
2013,5,2013.0961538461538,92.26,68.24857142857142,21.262857142857143,26.537142857142857,1.1223106604368778,2.99,5.09665741921798,Pre
2013,6,2013.1153846153845,94.80428571428571,71.46285714285715,22.772857142857145,25.14857142857143,0.9602492402013879,11.71,4.530362150415982,Pre
2013,7,2013.1346153846155,95.15285714285714,63.51,23.154285714285713,30.20285714285714,1.1048872192065644,10.88,7.040427666186999,Pre
2013,8,2013.1538461538462,92.43714285714286,76.50142857142858,24.045714285714286,28.47714285714286,1.4755045243944152,30.28,12.152390362940169,Pre
2013,9,2013.173076923077,93.86428571428571,59.31285714285714,24.094285714285714,29.16857142857143,1.810692921085831,70.28999999999999,21.62635715722224,Epi
2013,10,2013.1923076923076,95.71285714285715,69.76714285714286,23.94857142857143,31.472857142857144,1.5247183608428685,9.19,30.993187008757985,Epi
2013,11,2013.2115384615386,95.11571428571429,68.90142857142857,23.427142857142858,29.06142857142857,1.4054409275707078,53.85,41.997681556558966,Epi
2013,12,2013.2307692307693,96,55.12571428571429,23.068571428571428,28.584285714285713,1.1438147637995102,26.8,43.28332486951486,Epi
2013,13,2013.25,95.13285714285715,67.73142857142857,22.827142857142857,27.64857142857143,0.991662382781507,44.64,38.09483578508574,Epi
2013,14,2013.2692307692307,93.81142857142858,69.08,23.02857142857143,27.28857142857143,0.9691013706630852,21.919999999999998,40.60490130085676,Epi
2013,15,2013.2884615384614,92.08857142857143,71.25,23.472857142857144,26.714285714285715,0.9169878180643534,5.22,38.7223521640285,Epi
2013,16,2013.3076923076924,90.99142857142857,71.93714285714286,24.41,27.585714285714285,0.884842005386424,72.5,40.34471158275854,Epi
2013,17,2013.326923076923,91.35571428571428,75.54571428571428,23.99,29.287142857142857,0.7529857742546991,48.83,28.835142876296317,Epi
2013,18,2013.3461538461538,88.01714285714286,73.90285714285714,23.391428571428573,29.869999999999997,0.6829047391211651,69.97,13.34620201068492,Pre
2013,19,2013.3653846153845,91.16,70.73,24.397142857142857,27.542857142857144,0.7888939345092746,76.57000000000001,7.851607375552024,Pre
2013,20,2013.3846153846155,93.07000000000001,65.12285714285714,24.351428571428574,29.427142857142858,0.9730425874557608,57.92,5.479289357597708,Pre
2013,21,2013.4038461538462,93.10714285714286,71.42857142857143,23.014285714285716,28.53857142857143,1.0237586260049714,68.98,4.055898546825119,Pre
2013,22,2013.423076923077,93.19571428571429,72.08,22.74,26.33142857142857,0.99356264913168,4.03,2.4182338505598824,Pre
2013,23,2013.4423076923076,91.30285714285715,72.38285714285715,22.951428571428572,25.73,0.9430942452653518,4.17,1.6835805288708041,Pre
2013,24,2013.4615384615386,93.52571428571429,75.51,22.66857142857143,26.888571428571428,0.9297874287175318,54.5,1.637664696265237,Pre
2013,25,2013.4807692307693,92.90142857142857,75.72285714285714,20.762857142857143,26.167142857142856,0.8653782751589243,35.47,1.5458330310541022,Pre
2013,26,2013.5,91.77571428571429,77.60714285714286,19.96142857142857,24.09,0.802206967982158,23.669999999999998,1.2091169252799412,Pre
2013,27,2013.5192307692307,91.23285714285714,76.45428571428572,20.38,24.434285714285714,0.6274921301286295,78.41,0.7652638767594565,Pre
2013,28,2013.5384615384614,94.14428571428572,69.45571428571428,19.597142857142856,26.177142857142858,0.4601346779066315,57.9,0.5816005463371868,Pre
2013,29,2013.5576923076924,91.93714285714286,64.15285714285714,20.10857142857143,24.14,0.5912554643761027,26.09,0.5509899912668086,Pre
2013,30,2013.576923076923,85.86714285714285,67.75,19.965714285714284,26.075714285714287,0.6835903529391508,19.89,0.22957916302783693,Pre
2013,31,2013.5961538461538,86.35571428571428,62.927142857142854,19.68142857142857,23.35142857142857,0.6795845910946405,25.119999999999997,0.3061055507037826,Pre
2013,32,2013.6153846153845,93.41142857142857,67.94714285714285,19.90142857142857,24.442857142857143,0.6160551990206627,5.85,0.24488444056302605,Pre
2013,33,2013.6346153846155,85.69714285714285,71.43714285714286,19.82857142857143,24.68857142857143,0.7954494327859369,0.08,0.10713694274632392,Pre
2013,34,2013.6538461538462,91.97428571428571,72.06285714285714,19.754285714285714,24.375714285714285,0.8689677157595783,12.42,0.24488444056302605,Pre
2013,35,2013.673076923077,85.57285714285715,72.33857142857143,19.77,25.00857142857143,0.8159874035230772,47.010000000000005,0.09183166521113477,Pre
2013,36,2013.6923076923076,90.97285714285714,70.80571428571429,18.782857142857143,24.617142857142856,0.6943285353342011,18.63,0.10713694274632392,Pre
2013,37,2013.7115384615386,92.84,70.61714285714285,17.77285714285714,23.35142857142857,0.572901089510788,17.46,0.19896860795745866,Pre
2013,38,2013.7307692307693,90.98142857142857,70.30285714285715,19.074285714285715,23.247142857142858,0.6210092687950565,31.05,0.045915832605567385,Pre
2013,39,2013.75,91.01857142857143,69.55428571428571,17.915714285714287,25.492857142857144,0.45728813559322046,12.99,0.19896860795745866,Pre
2013,40,2013.7692307692307,90.39285714285714,63.535714285714285,16.458571428571428,21.614285714285714,0.09821229050279351,1.57,0.1530527753518913,Pre
2013,41,2013.7884615384614,91.57285714285715,64.39428571428572,18.75857142857143,23.947142857142858,0.0029781601588355446,5.6,0.09183166521113477,Pre
2013,42,2013.8076923076924,90.52857142857142,75.53571428571429,17.454285714285714,26.595714285714287,-0.1629392971246003,28.51,0.18366333042226954,Pre
2013,43,2013.826923076923,92.67,57.284285714285716,18.565714285714286,23.20714285714286,-0.5579641847313854,17.67,0.1530527753518913,Pre
2013,44,2013.8461538461538,89.59857142857143,56.13285714285714,17.244285714285713,25.394285714285715,-0.5709177592371872,20.35,0.26018971809821523,Pre
2013,45,2013.8653846153845,85.76,64.33142857142857,18.10142857142857,23.815714285714286,-0.4263206672845227,32.02,0.12244222028151303,Pre
2013,46,2013.8846153846155,91.30285714285715,58,18.61,24.641428571428573,-0.3586592178770948,0.29000000000000004,0.12244222028151303,Pre
2013,47,2013.9038461538462,87.79428571428572,60.86571428571429,20.764285714285712,26.674285714285713,-0.45340501792114707,0.12,0.1530527753518913,Pre
2013,48,2013.923076923077,93.61285714285715,60.32142857142858,19.10142857142857,28.52857142857143,-0.4166666666666665,12.61,0.24488444056302605,Pre
2013,49,2013.9423076923076,91.1,56.37571428571429,19.655714285714286,23.364285714285714,0.19230769230769265,5.91,0.35202138330934996,Pre
2013,50,2013.9615384615386,90.85714285714286,54.59142857142857,18.122857142857143,24.575714285714284,0.3443113772455091,3.48,0.24488444056302605,Pre
2013,51,2013.9807692307693,94.25857142857143,64.19571428571429,20.354285714285716,23.654285714285713,0.255846917080085,42.47,0.10713694274632392,Pre
2013,52,2014,89.92857142857143,71.20428571428572,21.627142857142857,26.39857142857143,0.28259452411994784,3.12,0.10713694274632392,Pre
2014,1,2014.0192307692307,88.59857142857143,57.32142857142857,19.262857142857143,28.81142857142857,0.02275815217391301,3.13,0.3960360447636495,Pre
2014,2,2014.0384615384614,95.61571428571429,63.83857142857143,19.684285714285714,24.805714285714284,0.6157178217821784,20.029999999999998,0.5331254448741436,Pre
2014,3,2014.0576923076924,84.20571428571428,60.417142857142856,20.744285714285713,25.044285714285714,0.6391606871058927,24.48,0.44173251146714754,Pre
2014,4,2014.076923076923,92.74285714285715,58.98142857142857,21.187142857142856,28.408571428571427,0.6982868598505558,7.3500000000000005,0.45696466703498023,Pre
2014,5,2014.0961538461538,94.80428571428571,66.63428571428571,21.861428571428572,26.554285714285715,0.5967434609388533,50.92,0.3503395780601515,Pre
2014,6,2014.1153846153845,86.13428571428571,55.17,22.51142857142857,26.377142857142857,0.5519264619597106,7.3500000000000005,0.3655717336279842,Pre
2014,7,2014.1346153846155,93.50714285714285,68.91142857142857,21.834285714285713,27.66,0.5586740331491712,4.8100000000000005,0.3808038891958168,Pre
2014,8,2014.1538461538462,91.50142857142858,73.44571428571429,21.775714285714287,26.01857142857143,0.5874715261958996,41.78,0.3655717336279842,Pre
2014,9,2014.173076923077,94.32000000000001,71.52714285714286,23.01142857142857,25.304285714285715,0.5675675675675671,5.75,0.1675537112461594,Pre
2014,10,2014.1923076923076,95.23142857142857,74.30428571428571,25.178571428571427,27.257142857142856,0.5594505945059448,63.64,0.15232155567832673,Pre
2014,11,2014.2115384615386,93.52714285714286,74.82285714285715,23.02857142857143,30.937142857142856,0.423267885353194,83.57,0.24371448908532276,Pre
2014,12,2014.2307692307693,93.53714285714285,76.51,23.51857142857143,29.555714285714288,0.7112211221122114,66.87,0.2589466446531554,Pre
2014,13,2014.25,90.15285714285714,65.87714285714286,23.97,29.487142857142857,0.6618715489683229,75.4,0.24371448908532276,Pre
2014,14,2014.2692307692307,94.47285714285714,61.25857142857143,23.685714285714287,30.487142857142857,0.6538761199844174,12.24,0.2589466446531554,Pre
2014,15,2014.2884615384614,91.26,62.29571428571429,24.08,31.472857142857144,0.5185270958777211,30.64,0.2894109557888208,Pre
2014,16,2014.3076923076924,93.07142857142857,60.894285714285715,23.97,32.18714285714286,0.5656736628300606,22.73,0.3351074224923188,Pre
2014,17,2014.326923076923,92.53571428571429,52.97428571428571,22.794285714285714,32,0.4902166317260657,0.47,0.2894109557888208,Pre
2014,18,2014.3461538461538,93.00857142857143,50.355714285714285,23.70714285714286,28.442857142857143,0.3537469782433522,38.06,0.22848233351749012,Pre
2014,19,2014.3653846153845,90.11714285714285,48.48142857142857,23.55857142857143,31.122857142857143,0.19505783385909561,9.83,0.1675537112461594,Pre
2014,20,2014.3846153846155,90.20714285714286,60.74857142857143,23.702857142857145,28.38,0.4367007672634273,0.7100000000000001,0.2741788002209881,Pre
2014,21,2014.4038461538462,87.56142857142858,52.57857142857143,23.43285714285714,30.40714285714286,0.19984917043740583,0.01,0.2132501779496574,Pre
2014,22,2014.423076923077,90.75714285714285,66.20428571428572,22.755714285714287,32.247142857142855,0.5107991360691143,2.84,0.12185724454266138,Pre
2014,23,2014.4423076923076,88.89428571428572,58.214285714285715,23.16,26.61714285714286,0.12337662337662333,25.45,0.2894109557888208,Pre
2014,24,2014.4615384615386,93.56857142857143,46.19714285714286,21.89,27.645714285714284,0.08042744656917872,7.65,0.2132501779496574,Pre
2014,25,2014.4807692307693,92.55285714285715,68.26714285714286,22.59,28.732857142857142,0.17469879518072273,42.83,0.12185724454266138,Pre
2014,26,2014.5,88.79714285714286,68.12571428571428,22.318571428571428,26.35142857142857,0.23502871205906442,2.5900000000000003,0.1675537112461594,Pre
2014,27,2014.5192307692307,91.05285714285715,58.17,19.792857142857144,25.897142857142857,0.19908561928512034,11.98,0.1066250889748287,Pre
2014,28,2014.5384615384614,94.22285714285714,75.00857142857143,20.494285714285713,25.184285714285714,0.17313019390581708,31.71,0.09139293340699604,Pre
2014,29,2014.5576923076924,92.52714285714286,70.62571428571428,19.035714285714285,27.08142857142857,0.17913204062788535,26.099999999999998,0.12185724454266138,Pre
2014,30,2014.576923076923,94.24142857142857,57.26714285714286,20.66857142857143,25.50857142857143,0.31972477064220167,0.55,0.04569646670349802,Pre
2014,31,2014.5961538461538,90.14142857142858,59.54571428571429,19.72142857142857,26.244285714285713,0.3326359832635983,55.949999999999996,0.1066250889748287,Pre
2014,32,2014.6153846153845,85.68857142857142,54.761428571428574,19.214285714285715,24.057142857142857,0.2686895338610377,42.29,0.1066250889748287,Pre
2014,33,2014.6346153846155,91.68714285714286,62.62428571428572,20.330000000000002,26.724285714285713,0.27718960538979787,9.34,0.19801802238182475,Pre
2014,34,2014.6538461538462,87.67999999999999,65.7057142857143,19.367142857142856,26.452857142857145,0.2450628366247759,8.59,0.07616077783916336,Pre
2014,35,2014.673076923077,90.42857142857143,51.76714285714286,18.29,23.905714285714286,-0.15901639344262272,2.71,0.13708940011049406,Pre
2014,36,2014.6923076923076,88.95428571428572,62.528571428571425,19.78142857142857,26.41,-0.07804878048780486,5.7299999999999995,0.2741788002209881,Pre
2014,37,2014.7115384615386,86.40142857142857,66.86714285714285,19.66,25.962857142857143,0.3273684210526317,14.06,0.22848233351749012,Pre
2014,38,2014.7307692307693,93.57285714285715,53.42142857142857,17.777142857142856,23.86857142857143,0.501318101933216,4.49,0.24371448908532276,Pre
2014,39,2014.75,91.76714285714286,61.95428571428572,17.852857142857143,24.142857142857142,0.7692023633677987,13.110000000000001,0.3808038891958168,Pre
2014,40,2014.7692307692307,92.07000000000001,66.82142857142857,17.298571428571428,23.664285714285715,0.6615546218487395,20.79,0.30464311135665345,Pre
2014,41,2014.7884615384614,94.39428571428572,56.74,17.44142857142857,22.93,0.5122919818456885,0.66,0.19801802238182475,Pre
2014,42,2014.8076923076924,90.03571428571429,60.67714285714286,17.877142857142857,24.51142857142857,0.46657115568290347,3.65,0.24371448908532276,Pre
2014,43,2014.826923076923,88.43714285714286,62.73285714285714,18.38142857142857,24.297142857142855,0.33682795698924733,33.59,0.12185724454266138,Pre
2014,44,2014.8461538461538,88.39142857142858,54.465714285714284,18.077142857142857,24.722857142857144,0.28795518207282933,1.17,0.24371448908532276,Pre
2014,45,2014.8653846153845,91.08142857142857,55.31142857142857,18.405714285714286,25.984285714285715,0.21988795518207302,10.32,0.15232155567832673,Pre
2014,46,2014.8846153846155,88.19571428571429,61.48142857142857,18.232857142857142,24.951428571428572,7.246376811592485e-4,11.17,0.2589466446531554,Pre
2014,47,2014.9038461538462,85.84714285714286,51.76,19.34857142857143,27.57857142857143,0.060996563573883125,14.59,0.2132501779496574,Pre
2014,48,2014.923076923077,95.5,57.75,19.254285714285714,27.964285714285715,0.035714285714285525,6.51,0.30464311135665345,Pre
2014,49,2014.9423076923076,89.52571428571429,47.64142857142857,20.212857142857143,26.70285714285714,-0.07331730769230788,1.6900000000000002,0.15232155567832673,Pre
2014,50,2014.9615384615386,91.00142857142858,50.168571428571425,18.354285714285716,26.75142857142857,0.1269338959212375,7.7,0.07616077783916336,Pre
2014,51,2014.9807692307693,93.21428571428571,54.347142857142856,20.884285714285713,26.975714285714286,-0.04569892473118288,10.620000000000001,0.15232155567832673,Pre
2014,52,2015,93.50857142857143,54.66,19.987142857142857,28.42142857142857,-0.032967032967032954,0.03,0.15232155567832673,Pre
2015,1,2015.0192307692307,92.06142857142858,46.07857142857143,21.085714285714285,26.314285714285713,-0.06222222222222224,2.1999999999999997,0.21218917695758915,Pre
2014,53,2015.0192307692307,88.24142857142857,55.24142857142857,21.931428571428572,28.642857142857142,-0.022535211267605583,10.41,0.12185724454266138,Pre
2015,2,2015.0384615384614,86.56285714285714,58.535714285714285,20.912857142857142,29.16,0.17183098591549278,10.98,0.10609458847879458,Pre
2015,3,2015.0576923076924,95.50857142857143,53.18714285714286,19.797142857142855,26.232857142857142,0.11950549450549437,0.19,0.22734554674027407,Pre
2015,4,2015.076923076923,91.90285714285714,55.31285714285714,22.588571428571427,26.815714285714286,0.2390542907180384,0.37,0.25765828630564397,Pre
2015,5,2015.0961538461538,92.15285714285714,63.42857142857143,21.834285714285713,27.20285714285714,0.4137478108581434,18.580000000000002,0.31828376543638376,Pre
2015,6,2015.1153846153845,92.94571428571429,51.75,22.754285714285714,28.674285714285716,0.39999999999999997,23.73,0.25765828630564397,Pre
2015,7,2015.1346153846155,92.27571428571429,68.71428571428571,21.85142857142857,30.564285714285717,0.7224278312361212,11.01,0.3334401352190687,Pre
2015,8,2015.1538461538462,87.06142857142858,58.29571428571428,23.785714285714285,28.544285714285714,1.2103196859226022,34.38,0.6214111610900824,Pre
2015,9,2015.173076923077,95.12428571428572,50.68714285714286,23.841428571428573,30.075714285714287,1.5213555243633445,1.55,0.9093821869610963,Pre
2015,10,2015.1923076923076,93.91857142857143,57.22428571428571,24.791428571428572,31.39,1.282134370274357,35.93,1.0912586243533156,Pre
2015,11,2015.2115384615386,91.15285714285714,60.667142857142856,24.465714285714284,33.308571428571426,1.2680186352425322,27.759999999999998,1.3640732804416444,Pre
2015,12,2015.2307692307693,92.45428571428572,53.205714285714286,24.66857142857143,33.21285714285714,1.153484229038668,10.99,1.5307933480511788,Pre
2015,13,2015.25,92.42714285714285,47.69571428571429,25.065714285714286,31.492857142857144,1.286766882668333,16.380000000000003,2.243142727837371,Pre
2015,14,2015.2692307692307,90.18714285714286,44.39285714285714,24.10142857142857,31.064285714285713,1.5167232300696718,11.93,3.5769032687136453,Pre
2015,15,2015.2884615384614,88.58142857142857,51.48142857142857,24.38142857142857,28.155714285714286,1.04163586554768,32.17,3.228306763711892,Pre
2015,16,2015.3076923076924,86.08,59.17857142857143,24.65142857142857,31.021428571428572,1.2053209541279817,8.47,4.895507439807235,Pre
2015,17,2015.326923076923,87.48285714285714,69.19571428571429,24.097142857142856,30.447142857142858,1.08935246604731,0.06999999999999999,5.304729423939729,Pre
2015,18,2015.3461538461538,91.72285714285714,59.23142857142857,23.447142857142858,30.32857142857143,0.9055817297182158,23.830000000000002,4.425659976544003,Pre
2015,19,2015.3653846153845,91.09857142857143,62.07857142857143,24.34857142857143,29.017142857142858,0.8895652261329626,25.33,4.683318262849646,Pre
2015,20,2015.3846153846155,90.89285714285714,58.918571428571425,23.922857142857143,28.87857142857143,0.8085606602275893,97.05,3.925499773715399,Pre
2015,21,2015.4038461538462,89.93857142857142,59.5,22.777142857142856,27.38,0.7581252543522495,9.120000000000001,4.061907101759564,Pre
2015,22,2015.423076923077,91.22571428571429,67.76,23.11714285714286,26.602857142857143,0.6840539105063328,26.62,4.107376211107618,Pre
2015,23,2015.4423076923076,91.35714285714286,73.34857142857143,21.734285714285715,27.167142857142856,0.5184375460243171,7.81,3.4859650500175356,Pre
2015,24,2015.4615384615386,92.92,72.12714285714286,21.892857142857142,26.28,0.35607391595465204,21.580000000000002,3.4101832011041115,Pre
2015,25,2015.4807692307693,92.40142857142857,71.74285714285715,23.041428571428572,27.172857142857143,0.6819568707342489,30.419999999999998,2.0612662904451517,Pre
2015,26,2015.5,88.65,66.33,21.04,27.015714285714285,0.8119598801133064,50.550000000000004,1.940015332183672,Pre
2015,27,2015.5192307692307,90.99142857142857,65.24142857142857,20.501428571428573,24.94142857142857,1.0188278908631005,116.34,1.485324238703124,Pre
2015,28,2015.5384615384614,86.88428571428571,72.01142857142857,20.141428571428573,24.961428571428574,0.9002480272466453,41.14,1.5307933480511788,Pre
2015,29,2015.5576923076924,91.35857142857142,66.59857142857143,19.658571428571427,24.505714285714287,0.9361417144039712,29.849999999999998,1.5307933480511788,Pre
2015,30,2015.576923076923,92.16857142857143,66.76,20.037142857142857,24.638571428571428,0.8899786015009556,4.89,1.22766595239748,Pre
2015,31,2015.5961538461538,87.37571428571428,66.49142857142857,19.28,26.228571428571428,0.9485529422848407,40.52,0.8942258171784113,Pre
2015,32,2015.6153846153845,89.41,70.28428571428572,19.56,24.529999999999998,0.8695399398548607,16.09,0.9548512963091511,Pre
2015,33,2015.6346153846155,88.53428571428572,58.660000000000004,19.72142857142857,27.720000000000002,0.803906095202957,34.050000000000004,0.5759420517420276,Pre
2015,34,2015.6538461538462,93.56285714285714,68.86571428571429,18.344285714285714,25.504285714285714,0.7599039836661872,9.67,0.6820366402208222,Pre
2015,35,2015.673076923077,88.55428571428571,51.357142857142854,18.992857142857144,23.271428571428572,0.6064320024993809,3.9699999999999998,0.40922198413249333,Pre
2015,36,2015.6923076923076,94.08857142857143,62.277142857142856,19.03,25.701428571428572,0.888376714786497,14.83,0.3637528747844385,Pre
2015,37,2015.7115384615386,85.48142857142857,63.29571428571429,19.394285714285715,24.327142857142857,0.8187243735763098,7.3,0.3940656143498084,Pre
2015,38,2015.7307692307693,88.76857142857143,61.31285714285714,19.277142857142856,27.917142857142856,0.9039572335704996,0.24000000000000002,0.31828376543638376,Pre
2015,39,2015.75,90.47285714285714,63.80285714285714,19.54285714285714,25.341428571428573,0.8147736823148035,28.09,0.3637528747844385,Pre
2015,40,2015.7692307692307,94.97142857142858,48.39142857142857,18.827142857142857,24.902857142857144,0.7288232892789713,30.32,0.16672006760953434,Pre
2015,41,2015.7884615384614,89.71571428571428,59.43714285714286,18.248571428571427,27.248571428571427,0.6725523242141571,2.7800000000000002,0.22734554674027407,Pre
2015,42,2015.8076923076924,87.12428571428572,65.21428571428571,18.895714285714284,25.771428571428572,0.6850142485441706,7.859999999999999,0.3031273956536988,Pre
2015,43,2015.826923076923,91.33,47.292857142857144,18.987142857142857,26.202857142857145,0.469966401704499,0,0.2879710258710138,Pre
2015,44,2015.8461538461538,96.69571428571429,53.80428571428571,18.742857142857144,24.734285714285715,0.5288073746879202,5.62,0.43953472369786323,Pre
2015,45,2015.8653846153845,93.61714285714285,53.57,19.40714285714286,25.627142857142857,0.32278037383177505,1.2,0.5153165726112879,Pre
2015,46,2015.8846153846155,92.17,63.221428571428575,19.96142857142857,25.27,0.7810471657291219,0.03,0.5759420517420276,Pre
2015,47,2015.9038461538462,93.88285714285715,56.35857142857143,20.838571428571427,27.96,0.8049810661229245,0.24000000000000002,0.5456293121766578,Pre
2015,48,2015.923076923077,95.41,68.18714285714286,22.007142857142856,29.765714285714285,1.1481260444020054,1.24,0.8790694473957265,Pre
2015,49,2015.9423076923076,93.29285714285714,55.402857142857144,20.23857142857143,27.78142857142857,1.2630848329048843,21.23,1.1064149941360006,Pre
2015,50,2015.9615384615386,94.49285714285715,49.05571428571429,21.771428571428572,27.065714285714286,0.9684745063669642,13.9,0.970007666091836,Pre
2015,51,2015.9807692307693,86.83714285714287,63.92857142857143,21.181428571428572,30.861428571428572,0.8844237023271532,118.88000000000001,0.9245385567437812,Pre
2015,52,2016,95.45428571428572,58.93714285714286,21.305714285714284,27.128571428571426,0.8910265004245428,24.380000000000003,1.0457895150052607,Pre
2016,1,2016.0192307692307,96.1,49.33857142857143,22.467142857142857,27.184285714285714,0.9543237148511209,1.16,1.282375067249257,Pre
2016,2,2016.0384615384614,87.56285714285714,61.01714285714286,22.650000000000002,26.942857142857143,0.6640977672943186,12.3,0.8750323988289048,Pre
2016,3,2016.0576923076924,94.63142857142857,62.94714285714286,22.777142857142856,28.25,0.6300421432871768,14.100000000000001,1.1315074122787563,Pre
2016,4,2016.076923076923,89.15285714285714,72.95714285714286,21.39857142857143,27.337142857142858,0.4494743548900927,0.4,0.8448588678348048,Pre
2016,5,2016.0961538461538,92.10571428571428,69.17857142857143,21.672857142857143,26.18285714285714,0.30371849263788414,8.74,0.8901191643259551,Pre
2016,6,2016.1153846153845,95.67,71.60571428571428,22.48142857142857,25.67857142857143,-0.09333784240784633,19.86,1.4483294877168083,Pre
2016,7,2016.1346153846155,95.96428571428571,72.66,24.161428571428573,26.358571428571427,0.47814481147814547,143.01999999999998,1.7349780321607597,Pre
2016,8,2016.1538461538462,94.69428571428571,78.54571428571428,23.584285714285713,30.167142857142856,0.4379832474226806,55.260000000000005,1.3728956602315578,Pre
2016,9,2016.173076923077,92.97285714285714,78.39142857142858,24.06142857142857,29.751428571428573,0.6151243781094528,89.89,1.9009324526283105,Pre
2016,10,2016.1923076923076,95.87285714285714,64.70428571428572,22.18,30.458571428571428,0.6303135888501743,51.01,1.7953250941489602,Pre
2016,11,2016.2115384615386,96.04571428571428,65.20428571428572,24.338571428571427,27.784285714285716,0.6715969688464777,194.76,1.8405853906401104,Pre
2016,12,2016.2307692307693,93.88285714285715,61.294285714285714,22.625714285714285,28.55142857142857,0.9585532129781595,109.35,2.685444258474915,Pre
2016,13,2016.25,92.06428571428572,67.10857142857142,23.912857142857142,25.431428571428572,1.5697542385048089,29.89,4.495856118120925,Pre
2016,14,2016.2692307692307,91.33,73.61428571428571,23.374285714285715,29.11,1.2949038789671252,4.86,5.34071498595573,Pre
2016,15,2016.2884615384614,93.91857142857143,80.73142857142857,23.84857142857143,29.905714285714286,0.8824090273266727,27.32,4.179034042682873,Pre
2016,16,2016.3076923076924,95.13285714285715,70.98142857142857,24.72,28.71857142857143,0.7674457327388531,19.71,3.168220754380518,Pre
2016,17,2016.326923076923,93.41142857142857,64.69571428571429,24.297142857142855,29.797142857142855,0.7536825072759655,206.63,2.7457913204631157,Pre
2016,18,2016.3461538461538,94.38428571428571,70.79285714285714,23.87857142857143,29.15142857142857,0.7449199846677207,178.11,2.323361886545713,Pre
2016,19,2016.3653846153845,93.65142857142857,68.89428571428572,24.385714285714286,27.404285714285717,0.7202644123267067,67.65,1.7953250941489602,Pre
2016,20,2016.3846153846155,93.26857142857143,71.47285714285714,23.455714285714286,29.35,0.79811922749405,1.2,1.1918544742669568,Pre
2016,21,2016.4038461538462,93.58857142857143,78.57285714285715,23.64142857142857,26.997142857142858,0.821053804490006,38.18,1.1013338812846563,Pre
2016,22,2016.423076923077,93.00714285714285,72.17857142857143,24.259999999999998,27.922857142857143,0.8244265670641193,116.92999999999999,1.2672883017522072,Pre
2016,23,2016.4423076923076,93.33857142857143,76.00857142857143,23.517142857142858,28.801428571428573,0.8662560448157471,29.79,1.3578088947345075,Pre
2016,24,2016.4615384615386,93.39428571428572,74.30285714285715,23.335714285714285,28.29,0.9036733157135456,86.06,0.6939912128643039,Pre
2016,25,2016.4807692307693,93.66,72.07142857142857,23.122857142857143,28.975714285714286,0.7193965870947322,67.06,1.0862471157876061,Pre
2016,26,2016.5,93.14285714285714,69.74428571428571,21.115714285714287,29.445714285714285,0.6675517376024989,25.65,1.433242722219758,Pre
2016,27,2016.5192307692307,92.71428571428571,67.44571428571429,19.604285714285712,26.375714285714285,0.6690397716303063,94.18,1.3427221292374576,Pre
2016,28,2016.5384615384614,90.78571428571429,66.74857142857142,21.345714285714287,24.251428571428573,0.5579868968213535,31.92,1.1013338812846563,Pre
2016,29,2016.5576923076924,92.42142857142856,66.57,20.315714285714286,25.235714285714284,0.34658921656240677,0.7,1.0409868192964558,Pre
2016,30,2016.576923076923,93.21571428571428,68.59,19.571428571428573,25.154285714285713,0.045809544328341854,0,0.9655529918112055,Pre
2016,31,2016.5961538461538,86.40857142857143,72.15285714285714,20.487142857142857,24.214285714285715,0.1858181474837126,0,0.709077978361354,Pre
2016,32,2016.6153846153845,90.07142857142857,70.86714285714285,18.53142857142857,24.798571428571428,0.5537317524501407,23.45,0.45260296491150254,Pre
2016,33,2016.6346153846155,91.34857142857143,65.34,15.379999999999999,21.484285714285715,0.5781322237632918,0.89,0.6185573853790535,Pre
2016,34,2016.6538461538462,91.37428571428572,73.28714285714285,17.97142857142857,21.34285714285714,0.6095864009559417,6.3500000000000005,0.45260296491150254,Pre
2016,35,2016.673076923077,88.03571428571429,74.75857142857143,17.695714285714285,21.565714285714286,0.8038214013016761,20.67,0.5280367923967529,Pre
2016,36,2016.6923076923076,94.00142857142858,63.11571428571429,17.714285714285715,23.30857142857143,0.9166946703407484,1.17,0.3922559029233022,Pre
2016,37,2016.7115384615386,87.41857142857143,75.51714285714286,18.984285714285715,24.024285714285714,0.8052477960447941,59.8,0.4676897304085526,Pre
2016,38,2016.7307692307693,90.99714285714286,73,16.82857142857143,27.55142857142857,0.7385936030103476,49.97,0.4073426684203523,Pre
2016,39,2016.75,96.13571428571429,62.36714285714286,18.13,20.802857142857142,0.7973145780051154,0,0.22630148245575127,Pre
2016,40,2016.7692307692307,96.89,52.91142857142857,18.28142857142857,24.021428571428572,0.6712577264176299,2.16,0.2866485444439516,Pre
2016,41,2016.7884615384614,91.44428571428571,66.18714285714286,18.33,24.995714285714286,0.49351924587588353,1.2000000000000002,0.2866485444439516,Pre
2016,42,2016.8076923076924,87.56285714285714,62.99142857142857,19.36,23.605714285714285,0.37000395726157526,0,0.36208237192920206,Pre
2016,43,2016.826923076923,85.23428571428572,58.58142857142857,17.12142857142857,28.17,0.4652777777777782,0.12,0.4676897304085526,Pre
2016,44,2016.8461538461538,91.35571428571428,63.00857142857143,19.86285714285714,23.89,0.36291328758577646,0.33999999999999997,0.34699560643215194,Pre
2016,45,2016.8653846153845,90.33142857142857,52.41,20.082857142857144,27.71142857142857,0.35086872586872586,0.89,0.4375161994144524,Pre
2016,46,2016.8846153846155,92.14285714285714,57.85714285714286,20.484285714285715,26.47714285714286,0.4410458806117417,4,0.6939912128643039,Pre
2016,47,2016.9038461538462,92.13285714285715,54.66142857142857,19.064285714285713,27.347142857142856,0.9973670352817273,2.5,0.7995985713436544,Pre
2016,48,2016.923076923077,86.52571428571429,58.839999999999996,18.304285714285715,24.638571428571428,0.9776414451261077,6.63,0.8146853368407047,Pre
2016,49,2016.9423076923076,90.31285714285714,56.07,18.782857142857143,22.807142857142857,1.1644986707178124,9.99,1.071160350290556,Pre
2016,50,2016.9615384615386,93.43571428571428,62.99857142857143,20.108571428571427,22.818571428571428,0.9807314410480349,21.65,1.0259000537994056,Pre
2016,51,2016.9807692307693,92.51,67.20428571428572,22.501428571428573,26.172857142857143,1.1063445418633782,2.47,1.3578088947345075,Pre
2016,52,2017,90.31142857142858,70.49,20.93285714285714,29.29,0.8842653232577666,1.89,1.1616809432728565,Pre
2017,1,2017.0192307692307,87.30571428571429,63.168571428571425,20.485714285714284,27.10142857142857,1.1722045602160458,17.490000000000002,2.1478101948589536,Pre
2017,2,2017.0384615384614,91.06285714285714,59.94714285714286,21.307142857142857,26.252857142857142,1.1988537117903924,20.900000000000002,2.598399746227965,Pre
2017,3,2017.0576923076924,90.82142857142857,61.16857142857143,20.752857142857142,26.852857142857143,0.959898184198739,39.3,2.4482032291049607,Pre
2017,4,2017.076923076923,93.03714285714285,62.355714285714285,20.222857142857144,24.532857142857143,1.0005720396015911,27.23,2.8987927804739724,Pre
2017,5,2017.0961538461538,91.61571428571429,69.01714285714286,21.05142857142857,24.742857142857144,0.8742898604421389,9.21,2.4782425325295616,Pre
2017,6,2017.1153846153845,89.52,76.97285714285715,21.78857142857143,25.82,0.8449737955420851,11.01,2.493262184241862,Pre
2017,7,2017.1346153846155,95.08285714285714,70.16,22.795714285714286,26.43,0.7998658440249519,144.93,2.568360442803364,Pre
2017,8,2017.1538461538462,93.44714285714285,71.22285714285714,23.021428571428572,26.425714285714285,0.6397666698585979,145.94,1.3367490023947333,Pre
2017,9,2017.173076923077,88.80428571428571,74.29571428571428,24.792857142857144,28.467142857142857,0.5853358868076324,223.26,1.3968276092439347,Pre
2017,10,2017.1923076923076,92.91,75.66,25.60142857142857,31.35,0.6079571351882429,24.3,1.366788305819334,Pre
2017,11,2017.2115384615386,93.02571428571429,68.77,25.121428571428574,30.548571428571428,0.5012627162656182,35.72,1.7572992503391438,Pre
2017,12,2017.2307692307693,93.49142857142857,62.48285714285714,24.58,29.25,0.7066897536684318,39.53,1.4418865643808358,Pre
2017,13,2017.25,93,67.02,24.545714285714286,29.28,0.7300123686527085,202.17000000000002,1.3818079575316342,Pre
2017,14,2017.2692307692307,91.52571428571429,71.63428571428571,24.067142857142855,28.837142857142858,0.7288512521636251,18.96,1.3517686541070337,Pre
2017,15,2017.2884615384614,91.62714285714286,68.20571428571428,24.12142857142857,28.57857142857143,0.6658720310016758,8.8,1.0964345749979272,Pre
2017,16,2017.3076923076924,91.28428571428572,73.31428571428572,23.312857142857144,28.431428571428572,0.6571298819255222,32.52,1.0513756198610262,Pre
2017,17,2017.326923076923,91.71428571428571,71.82285714285715,23.36285714285714,29.315714285714286,0.5071314872894042,50.79,1.1715328335594293,Pre
2017,18,2017.3461538461538,91.84714285714286,72.63428571428571,23.855714285714285,29.394285714285715,0.14477615451572726,75.5,1.0663952715733265,Pre
2017,19,2017.3653846153845,91.38571428571429,66.58857142857143,24.334285714285713,28.827142857142857,0.6634476794465267,47.65,1.0513756198610262,Pre
2017,20,2017.3846153846155,93.08,65.71428571428572,23.49,29.114285714285714,0.8920344274744748,42.29,0.6158057202043152,Pre
2017,21,2017.4038461538462,94.06285714285714,71.08142857142857,21.555714285714288,27.86857142857143,1.0061827829629986,26.220000000000002,0.4355698996567109,Pre
2017,22,2017.423076923077,92.71285714285715,71.14285714285714,21.931428571428572,25.474285714285713,0.7872719647724886,0,0.6158057202043152,Pre
2017,23,2017.4423076923076,93.06285714285714,72.26857142857143,22.33142857142857,25.085714285714285,0.8677251584075011,6.91,0.5407074616428135,Pre
2017,24,2017.4615384615386,93.39285714285714,71.03571428571429,22.807142857142857,27.3,0.89217864681702,72.16,0.36047164109520896,Pre
2017,25,2017.4807692307693,94.92,72.51857142857143,21.392857142857142,26.490000000000002,0.8545149319667787,40.31,0.3003930342460075,Pre
2017,26,2017.5,89.33142857142857,69.88428571428571,20.858571428571427,25.638571428571428,0.919350673307508,94.17,0.24031442739680597,Pre
2017,27,2017.5192307692307,85.50142857142858,74.07285714285715,19.90714285714286,24.987142857142857,0.8463917525773196,48.38,0.34545198938290855,Pre
2017,28,2017.5384615384614,90.16,69.19571428571429,19.73,24.34285714285714,0.7448747570323108,17.52,0.36047164109520896,Pre
2017,29,2017.5576923076924,90.89142857142858,72.92857142857143,19.877142857142857,24.26142857142857,0.6462476595314003,13.23,0.40553059623211013,Pre
2017,30,2017.576923076923,87.19714285714285,69.53571428571429,19.817142857142855,23.724285714285713,0.38921891306092926,24.72,0.33043233767060826,Pre
2017,31,2017.5961538461538,90.82142857142857,68.57142857142857,18.834285714285713,24.334285714285716,0.4380336351875807,19.38,0.4205502479444104,Pre
2017,32,2017.6153846153845,90.83142857142857,70.82142857142857,19.632857142857144,24.307142857142857,0.5077171572146446,34.23,0.2853733825337071,Pre
2017,33,2017.6346153846155,91.65285714285714,76.18857142857142,18.472857142857144,25.832857142857144,0.4237316421895855,8.78,0.31541268595830785,Pre
2017,34,2017.6538461538462,88.25857142857143,69.29428571428572,19.232857142857142,23.35,0.025380710659898345,6.46,0.40553059623211013,Pre
2017,35,2017.673076923077,94.98285714285714,63.80285714285714,17.527142857142856,23.832857142857144,-0.024438573315719945,49.66,0.36047164109520896,Pre
2017,36,2017.6923076923076,97.26714285714286,72.77142857142857,17.287142857142857,23.852857142857143,-0.02443857331572018,12.65,0.3003930342460075,Pre
2017,37,2017.7115384615386,92.38285714285715,71.96428571428571,17.382857142857144,21.655714285714286,-0.16776750330250992,0,0.34545198938290855,Pre
2017,38,2017.7307692307693,96.20571428571428,63.597142857142856,17.51,23.8,-0.39727463312368977,1.3900000000000001,0.6158057202043152,Pre
2017,39,2017.75,95.18571428571428,65.84142857142857,17.5,23.464285714285715,-0.19182859990034878,47.41,0.34545198938290855,Pre
2017,40,2017.7692307692307,95.76714285714286,66.39285714285714,17.247142857142858,23.925714285714285,-0.2826086956521739,18.66,0.645845023628916,Pre
2017,41,2017.7884615384614,88.1,63,17.59,24.712857142857143,0.1843544857768052,7.4399999999999995,0.600786068492015,Pre
2017,42,2017.8076923076924,97.42142857142856,60.65142857142857,18.335714285714285,24.071428571428573,0.4345698680018208,7.7,0.7059236304781176,Pre
2017,43,2017.826923076923,93.46571428571428,51.49,16.99,24.282857142857143,0.4471682847896441,0.46,0.600786068492015,Pre
2017,44,2017.8461538461538,96.26,54.77,16.98,23.251428571428573,0.28992524634726474,4.83,0.37549129280750937,Pre
2017,45,2017.8653846153845,92.24285714285715,64.05428571428571,16.762857142857143,24.051428571428573,0.22633782307972336,0.75,0.5407074616428135,Pre
2017,46,2017.8846153846155,90.66142857142857,59.364285714285714,19.055714285714284,26.12142857142857,0.1834105653382763,5.37,0.5256878099305131,Pre
2017,47,2017.9038461538462,94.27571428571429,57.73142857142857,19.04,28.490000000000002,0.05323039414871963,0.07,0.5857664167797146,Pre
2017,48,2017.923076923077,91.81142857142858,46.75,19.021428571428572,27.46857142857143,-0.26256544502617835,24.599999999999998,0.39051094451980967,Pre
2017,49,2017.9423076923076,93.88428571428571,43.02571428571429,19.771428571428572,25.354285714285712,-0.3613689095127614,25.45,0.7059236304781176,Pre
2017,50,2017.9615384615386,93.69571428571429,46.76857142857143,20.821428571428573,27.38,-0.08980827447023162,2.41,0.6909039787658171,Pre
2017,51,2017.9807692307693,88.84,60.43857142857143,20.085714285714285,30.577142857142857,-0.03759750390015617,0,0.5256878099305131,Pre
2017,52,2018,89.01,57.01571428571429,20.587142857142858,26.83142857142857,-0.07405043089690405,0,0.6158057202043152,Pre
2018,1,2018.0192307692307,94.60714285714286,43.36571428571428,20.205714285714286,26.74,0.023086654016445184,0,0.926905017800314,Pre
2018,2,2018.0384615384614,91.07285714285715,55.66142857142857,20.042857142857144,26.684285714285714,0.8005875237601522,22.74,1.1362061508519976,Pre
2018,3,2018.0576923076924,92.50714285714285,61.80142857142857,20.52285714285714,25.162857142857142,1.1475109518120272,26.779999999999998,1.4501578504295232,Pre
2018,4,2018.076923076923,92.21571428571428,58.76857142857143,21.162857142857142,29.012857142857143,0.7718987753773547,2.12,1.0913559080552082,Pre
2018,5,2018.0961538461538,93.05285714285715,66.17,20.84857142857143,26.475714285714286,0.7901019313304718,2.6999999999999997,1.2109565555133133,Pre
2018,6,2018.1153846153845,90.54428571428572,47.80285714285714,21.434285714285714,24.674285714285713,0.671688694153139,47.410000000000004,0.8671046940712615,Pre
2018,7,2018.1346153846155,89.07857142857144,70.58857142857143,20.89142857142857,25.597142857142856,0.5874706312829795,14.72,0.8970048559357877,Pre
2018,8,2018.1538461538462,89.61857142857143,76.83,23.05142857142857,26.692857142857143,0.6227150058556957,28.66,1.300657041106892,Pre
2018,9,2018.173076923077,95.13428571428571,74.97285714285714,23.747142857142858,29.77285714285714,0.5868696837257394,5.63,1.2408567173778395,Pre
2018,10,2018.1923076923076,93.96285714285715,67.26,23.518571428571427,27.75,0.6681733320231896,123.4,2.003310844923259,Pre
2018,11,2018.2115384615386,95.31,60.01714285714286,23.15714285714286,28.3,0.6130379323959059,77.06,1.8837101974651542,Pre
2018,12,2018.2307692307693,93.80285714285715,75.84,23.96,26.962857142857143,0.7873852489490091,41.37,2.1378615733136273,Pre
2018,13,2018.25,93.91857142857143,70.20428571428572,24.024285714285714,29.169999999999998,1.0227518729970073,4.59,2.6461643250105733,Pre
2018,14,2018.2692307692307,95.34857142857143,76.24142857142857,22.942857142857143,28.75857142857143,1.2203787308753444,34.24,3.318917966962414,Pre
2018,15,2018.2884615384614,93.47285714285714,69.92714285714285,23.144285714285715,26.645714285714288,1.0029630363690414,64.62,3.1395169957752564,Pre
2018,16,2018.3076923076924,94.83714285714287,71.25714285714285,24.428571428571427,27.047142857142855,0.9138820193405595,94.47,2.840515377129994,Pre
2018,17,2018.326923076923,93.43714285714286,74.49285714285715,24.26,28.675714285714285,0.8603528523806524,55.08,2.945165943655836,Pre
2018,18,2018.3461538461538,92.96428571428571,73.93714285714286,24.21,28.02285714285714,0.8355842926049777,16.56,3.3637682097592037,Pre
2018,19,2018.3653846153845,89.41857142857143,69.68714285714286,24.231428571428573,27.584285714285713,0.8461588788264872,34.22,3.5282191000140983,Pre
2018,20,2018.3846153846155,92.08,74.06428571428572,24.15714285714286,27.495714285714286,0.6959474360631801,64.21,3.318917966962414,Pre
2018,21,2018.4038461538462,92.31142857142858,75.52714285714286,24.177142857142858,28.644285714285715,0.5693849197004665,86.59,1.9285604402619434,Pre
2018,22,2018.423076923077,92.82142857142857,75.26,22.812857142857144,28.625714285714285,0.5274583697515243,34.27,2.0481610877200485,Pre
2018,23,2018.4423076923076,91.83857142857143,74.00142857142858,23.59285714285714,27.945714285714285,0.588180170404804,175.87,1.9285604402619434,Pre
2018,24,2018.4615384615386,89.77714285714286,72.31428571428572,22.35142857142857,27.67,0.7349116932277606,92.77,1.8687601165328909,Pre
2018,25,2018.4807692307693,91.29428571428572,71.89428571428572,20.45,26.597142857142856,0.8369967554722839,92.03,1.6146087406844178,Pre
2018,26,2018.5,91.63428571428571,71.58,20.961428571428574,24.645714285714284,0.7789273999130539,16,1.8986602783974171,Pre
2018,27,2018.5192307692307,93.97285714285714,72.46428571428571,20.43,25.705714285714286,0.7532368293179929,76.22999999999999,2.242512139839469,Pre
2018,28,2018.5384615384614,92.44714285714285,71.00857142857143,19.965714285714284,25.652857142857144,0.755844280525465,1.42,1.6146087406844178,Pre
2018,29,2018.5576923076924,91.53714285714285,74.01714285714286,20.957142857142856,25.03,0.6991255809679863,191.13,1.5099581741585757,Pre
2018,30,2018.576923076923,91.86714285714285,73.44714285714285,18.425714285714285,25.274285714285714,0.56060783694819,4.33,1.300657041106892,Pre
2018,31,2018.5961538461538,95.83,71.98142857142857,18.36,22.625714285714285,0.3663257062065382,26.439999999999998,0.8073043703422089,Pre
2018,32,2018.6153846153845,96.92857142857143,75.32142857142857,19.268571428571427,24.462857142857143,0.7507899699301769,0.37,1.1212560699197345,Pre
2018,33,2018.6346153846155,93.59,67.54428571428572,19.704285714285714,22.792857142857144,0.8352199439576571,0.6,0.7475040466131563,Pre
2018,34,2018.6538461538462,93.25,65.35,18.737142857142857,24.282857142857143,0.863887949598676,9.450000000000001,0.6428534800873145,Pre
2018,35,2018.673076923077,87.27714285714286,74.59,19.228571428571428,23.88714285714286,0.858766937062101,13.96,0.5830531563582619,Pre
2018,36,2018.6923076923076,91.45285714285714,73.64571428571428,19.29,26.34857142857143,0.8825276401582134,9.85,0.5382029135614725,Pre
2018,37,2018.7115384615386,91.49,68.94571428571429,17.68,25.175714285714285,0.8202710092969558,1.3,0.5681030754259988,Pre
2018,38,2018.7307692307693,92.38285714285715,59.39285714285714,18.354285714285716,22.51142857142857,0.6458119407363941,13.84,0.6279033991550513,Pre
2018,39,2018.75,93.00857142857143,66.57142857142857,19.2,27.05142857142857,0.7284501330629833,38.55,0.463452508900157,Pre
2018,40,2018.7692307692307,91.54571428571428,67.07142857142857,19.004285714285714,24.80142857142857,0.5278824927831551,7.19,0.7325539656808931,Pre
2018,41,2018.7884615384614,95.31285714285714,54.214285714285715,18.144285714285715,23.844285714285714,0.30556070435588484,0.05,0.463452508900157,Pre
2018,42,2018.8076923076924,88.66714285714286,64.31,17.87857142857143,22.985714285714288,0.29363625958566963,0.41,0.6877037228841038,Pre
2018,43,2018.826923076923,93.65285714285714,68.64428571428572,18.58142857142857,22.007142857142856,0.10165671823608248,16.86,0.71760388474863,Pre
2018,44,2018.8461538461538,94.14428571428572,69.30285714285715,18.302857142857142,25.76,-0.3938558487593537,0.01,0.5382029135614725,Pre
2018,45,2018.8653846153845,93.66142857142857,69.70714285714286,18.414285714285715,25,-0.6524757056918093,0.47,0.7624541275454194,Pre
2018,46,2018.8846153846155,92.06142857142858,59.32,18.3,25.47714285714286,-0.3105702869596803,40.39,0.7475040466131563,Pre
2018,47,2018.9038461538462,90.47142857142858,58.75857142857143,20.492857142857144,24.084285714285713,-0.24746835443038007,35.4,0.6727536419518406,Pre
2018,48,2018.923076923077,93.13285714285715,51.13428571428572,21.292857142857144,25.577142857142857,-0.16577984702361157,5.7700000000000005,1.1063059889874713,Pre
2018,49,2018.9423076923076,90.70571428571428,61.62428571428571,21.44142857142857,27.99142857142857,0.8667616211316848,0,1.3903575267004706,Pre
2018,50,2018.9615384615386,87.20285714285714,68.10714285714286,21.572857142857142,27.361428571428572,0.9107689005741267,3.46,1.4651079313617863,Pre
2018,51,2018.9807692307693,87.57142857142857,61.207142857142856,20.99142857142857,26.857142857142858,0.7948416694640262,9.13,1.1960064745810501,Pre
2018,52,2019,94.83,63.089999999999996,20.211428571428574,24.698571428571427,0.8690926601086881,22.38,1.6146087406844178,Pre
2019,1,2019.0192307692307,96.1542857142857,70.77571428571429,20.67857142857143,25.417142857142856,1.1463821465546993,16.18,2.1878571546575385,Pre
2019,2,2019.0384615384614,92.85571428571428,72.84,20.745714285714286,26.46857142857143,0.8743162487747813,14.82,1.8753061325636045,Pre
2019,3,2019.0576923076924,95.37428571428572,67.84142857142857,21.694285714285712,24.107142857142858,0.8993411106991069,12.65,2.2622740646799038,Pre
2019,4,2019.076923076923,93.29571428571428,64.35857142857142,21.007142857142856,27.57857142857143,0.8462682357767353,63.190000000000005,2.1283236266396464,Pre
2019,5,2019.0961538461538,90.96285714285715,75.92714285714285,21.705714285714286,26.338571428571427,0.7259745272095719,29.13,1.8157726045457123,Pre
2019,6,2019.1153846153845,92.42857142857143,69.42857142857143,21.282857142857143,26.68,0.5849947534102834,38.68,1.6967055485099278,Pre
2019,7,2019.1346153846155,94.21285714285715,69.60857142857142,21.361428571428572,25.795714285714286,0.5512652368461652,37.2,1.8455393685546584,Pre
2019,8,2019.1538461538462,95.58,71.35714285714286,23.82,28.708571428571428,0.5215658776850457,158.52,1.8604227505591315,Pre
2019,9,2019.173076923077,93.90142857142857,71.44,23.424285714285716,30.324285714285715,0.4446137406996992,13.84,1.5925218744786165,Pre
2019,10,2019.1923076923076,94.02571428571429,58.63428571428572,24.535714285714285,26.98857142857143,0.10911507460126858,93.91,2.336690974702269,Pre
2019,11,2019.2115384615386,93.34714285714286,63.471428571428575,23.665714285714287,29.861428571428572,1.118496427095022,52.95,4.122696815239035,Pre
2019,12,2019.2307692307693,92.51,73.41857142857143,23.95,30.497142857142858,1.4977649663700547,73.08,5.4324344316326645,Pre
2019,13,2019.25,94.05428571428571,67.29428571428572,25.064285714285713,30.447142857142858,1.613056450255162,0.83,7.977492754397556,Pre
2019,14,2019.2692307692307,91.65142857142857,61.86857142857143,24.094285714285714,30.29,1.5718794466614596,18.88,11.534621053466616,Pre
2019,15,2019.2884615384614,92.94571428571429,61.831428571428575,23.41,31.577142857142857,1.2593754974003808,69.8,13.06760939992734,Pre
2019,16,2019.3076923076924,92.28428571428572,66.18857142857142,23.414285714285715,26.705714285714286,1.1157680872624485,96.76,13.648061298101789,Pre
2019,17,2019.326923076923,94.26571428571428,56.33857142857143,24.64,28.141428571428573,1.1054428561679215,1.72,15.880568598772745,Pre
2019,18,2019.3461538461538,92.29571428571428,75.66142857142857,25.327142857142857,29.85142857142857,1.0749239850757615,19.64,17.621924293296093,Pre
2019,19,2019.3653846153845,92.29428571428572,70.94571428571429,24.654285714285713,30.075714285714284,1.065245964957722,40.35,20.22651614407888,Epi
2019,20,2019.3846153846155,91.73857142857143,69.16142857142857,25.084285714285713,29.312857142857144,0.9099837351176914,1.72,17.502857237260308,Pre
2019,21,2019.4038461538462,91.59857142857143,69.26857142857143,24.885714285714286,28.504285714285714,0.8441108596310571,139.61,16.773571519041127,Pre
2019,22,2019.423076923077,93.27714285714286,71.43714285714286,23.237142857142857,28.105714285714285,0.7543349377585724,52.17,13.395043804025747,Pre
2019,23,2019.4423076923076,91.61714285714285,76.46428571428571,23.36857142857143,27.291428571428572,0.6757900026938507,51.34,10.611851369189285,Pre
2019,24,2019.4615384615386,93.84857142857143,71.56428571428572,24.21,28.22714285714286,0.7480326913856361,79.46000000000001,8.081676428428867,Pre
2019,25,2019.4807692307693,91.96285714285715,67.45571428571428,23.294285714285714,28.082857142857144,1.0288422330985674,71.81,5.968236183793693,Pre
2019,26,2019.5,88.50714285714285,65.77714285714286,23.12857142857143,27.097142857142856,1.0502287829468477,48.72,5.343134139605826,Pre
2019,27,2019.5192307692307,86.08,71.27571428571429,23.56,28.61285714285714,1.026532331329558,83.46000000000001,5.0008163535029455,Pre
2019,28,2019.5384615384614,87.43714285714286,72.29571428571428,22.43857142857143,28.11857142857143,1.037923718125511,14.28,3.0064431649035566,Pre
2019,29,2019.5576923076924,89.61857142857143,66.66,22.61857142857143,26.894285714285715,0.9834459183797105,8.24,2.396224502720161,Pre
2019,30,2019.576923076923,88.91714285714286,69.00857142857143,21.341428571428573,25.414285714285715,0.893912140782676,162.58,1.5925218744786165,Pre
2019,31,2019.5961538461538,92.54285714285714,69.18857142857142,21.39857142857143,26.29,0.8717264971226095,12.479999999999999,1.726472312518874,Pre
2019,32,2019.6153846153845,89.52,78.31142857142858,19.854285714285716,27.035714285714285,0.7839528134968502,4.1000000000000005,1.428804672429413,Pre
2019,33,2019.6346153846155,88.42,66.99142857142857,20.487142857142857,24.327142857142857,0.7665199637337438,4.86,1.3246209983981017,Pre
2019,34,2019.6538461538462,92.03428571428572,66.95714285714286,19.917142857142856,25.63714285714286,0.7600381044319765,32.78,0.7441691002236526,Pre
2019,35,2019.673076923077,92.42999999999999,66.19714285714285,20.422857142857143,24.73,0.7707253148169119,79.65,0.7292857182191795,Pre
2019,36,2019.6923076923076,90.23142857142857,69.34714285714286,20.055714285714284,27.298571428571428,0.8259264977530262,17.85,0.610218662183395,Pre
2019,37,2019.7115384615386,89.34,66.05142857142857,17.05857142857143,25.752857142857142,0.7555564614757441,1.6099999999999999,0.6399854261923412,Pre
2019,38,2019.7307692307693,92.15142857142857,60.722857142857144,18.282857142857143,22.985714285714288,0.5674111293362589,10.8,0.7590524822281256,Pre
2019,39,2019.75,90.31142857142858,61.07142857142857,18.724285714285713,23.701428571428572,0.7137124549979855,1.85,0.5060349881520838,Pre
2019,40,2019.7692307692307,91.03428571428572,53.955714285714286,18.957142857142856,26.12142857142857,0.6200384335034124,14.889999999999999,0.8037026282415447,Pre
2019,41,2019.7884615384614,88.25,60.13142857142857,18.30857142857143,25.492857142857144,0.755887823124987,0.04,0.7292857182191795,Pre
2019,42,2019.8076923076924,82.58142857142857,56.86571428571428,18.048571428571428,24.36857142857143,0.5947428187988745,8.9,0.7441691002236526,Pre
2019,43,2019.826923076923,85.73428571428572,59.91142857142857,18.3,24.464285714285715,0.4629773024246242,0,0.6995189542102335,Pre
2019,44,2019.8461538461538,94.13571428571429,63.69571428571429,18.072857142857142,22.98,0.0440290073460169,0.32,0.40185131412077235,Pre
2019,45,2019.8653846153845,92.59857142857143,56.91142857142857,19.255714285714287,24.712857142857143,-0.390718562874251,0,0.7739358642325986,Pre
2019,46,2019.8846153846155,91.92857142857143,66.95428571428572,20.318571428571428,24.174285714285713,-0.48462145110410093,5.76,0.5506851341655029,Pre
2019,47,2019.9038461538462,88.79571428571428,57.402857142857144,21.465714285714284,28.592857142857145,-0.3690298507462687,53.73,0.5506851341655029,Pre
2019,48,2019.923076923077,88.17857142857143,69.81285714285714,18.624285714285715,30.735714285714284,-0.3377006610009446,5.7700000000000005,0.6251020441878682,Pre
2019,49,2019.9423076923076,87.94857142857143,52.355714285714285,18.785714285714285,22.802857142857142,-0.31230877853612615,16.21,0.5209183701565568,Pre
2019,50,2019.9615384615386,93.36571428571429,48.08857142857143,20.6,25.86,-0.2833687691944249,2.06,0.7292857182191795,Pre
2019,51,2019.9807692307693,90.07142857142857,69.25,21.43,25.52857142857143,-0.14396207584830292,25.310000000000002,0.6846355722057603,Pre
2019,52,2020,93.70571428571428,59.44857142857143,20.614285714285714,27.862857142857145,-0.28506455399061,0.19,0.6251020441878682,Pre
2020,1,2020.0192307692307,89.03571428571429,70.89285714285714,23.027142857142856,25.057142857142857,-0.40336795719231955,0.13,0.8743571067078751,Pre
2020,2,2020.0384615384614,92.03571428571429,62.76714285714286,22.08,29.325714285714284,0.3775252525252518,86.7,1.155929734291767,Pre
2020,3,2020.0576923076924,95.53571428571429,67.72285714285715,21.397142857142857,27.752857142857142,0.4568171021377672,2.6100000000000003,0.9336355546202735,Pre
2020,4,2020.076923076923,96.06142857142858,61.38285714285714,21.102857142857143,25.34,0.5635925887155867,89.72,0.770619822861178,Pre
2020,5,2020.0961538461538,90.88285714285715,68.85857142857142,19.735714285714284,24.85,0.5903904532607557,3.96,0.7854394348392777,Pre
2020,6,2020.1153846153845,94.37428571428572,75.49857142857142,20.861428571428572,24.591428571428573,0.5171740379092474,37.69,0.6076040911020827,Pre
2020,7,2020.1346153846155,94.43714285714286,76.88428571428571,21.97,25.815714285714286,0.45261936744413234,44.15,0.7854394348392777,Pre
2020,8,2020.1538461538462,92.83142857142857,69.12571428571428,22.947142857142858,26.14,0.3547822706065319,22.48,0.6520629270363814,Pre
2020,9,2020.173076923077,93.67714285714285,73.42999999999999,23.064285714285713,28.13,0.46300604932526757,65.43,0.5927844791239831,Pre
2020,10,2020.1923076923076,91.04428571428572,76.28571428571428,22.314285714285713,27.49,0.42667220606564193,68.44,0.7261609869268792,Pre
2020,11,2020.2115384615386,93.26571428571428,69.34857142857143,24.717142857142857,27.27,0.42186395135058696,63.24,0.5631452551677839,Pre
2020,12,2020.2307692307693,95.53571428571429,73.56142857142858,23.755714285714287,29.717142857142857,0.7618107645742858,50.88,0.29639223956199157,Pre
2020,13,2020.25,94.77,73.01714285714286,22.68857142857143,27.335714285714285,0.5928813000082488,102.89,0.4149491353867882,Pre
2020,14,2020.2692307692307,96.26,71.14285714285714,24.392857142857142,25.315714285714286,0.6045569926266167,37.82,0.40012952340868857,Pre
2020,15,2020.2884615384614,95.87571428571428,75.45285714285714,24.36857142857143,29.414285714285715,0.7554416514534475,50.06,0.23711379164959323,Pre
2020,16,2020.3076923076924,95.07857142857144,75.42857142857143,22.794285714285714,27.245714285714286,0.6489090707719567,19.25,0.3260314635181907,Pre
2020,17,2020.326923076923,91.57714285714286,69.91,24.01142857142857,26.745714285714286,0.7534952606635068,65.84,0.2519334036276928,Pre
2020,18,2020.3461538461538,89.41857142857143,80.41857142857143,22.86285714285714,28.759999999999998,0.7090823578595316,44.04,0.22229417967149367,Pre
2020,19,2020.3653846153845,93.04428571428572,77.26714285714286,22.174285714285713,26.71857142857143,0.6870516942864211,67.84,0.2667530156057924,Pre
2020,20,2020.3846153846155,94.03428571428572,74.43857142857142,22.072857142857142,24.998571428571427,0.7283037475345169,11.05,0.08891767186859746,Pre
2020,21,2020.4038461538462,92.37571428571428,75.75142857142858,23.282857142857143,26.582857142857144,0.5712908202622782,177.16,0.08891767186859746,Pre
2020,22,2020.423076923077,93.55428571428571,77.37714285714286,21.405714285714286,28.23857142857143,0.4919653893695923,91.09,0.08891767186859746,Pre
2020,23,2020.4423076923076,91.09857142857143,72.80285714285715,22.748571428571427,25.442857142857143,0.7861745752782663,73.33,0.05927844791239831,Pre
2020,24,2020.4615384615386,90.67857142857143,72.92,21.497142857142858,26.652857142857144,0.6756756756756758,73.99,0.11855689582479662,Pre
2020,25,2020.4807692307693,93.85571428571428,68.58,21.35857142857143,24.995714285714286,0.5607476635514015,78.12,0.10373728384669705,Pre
2020,26,2020.5,94.62428571428572,76.42714285714285,20.872857142857143,24.955714285714286,0.705069124423963,9.200000000000001,0.08891767186859746,Pre
2020,27,2020.5192307692307,86.19571428571429,71.77714285714286,20.62142857142857,24.751428571428573,0.5844907407407406,53.1,0.10373728384669705,Pre
2020,28,2020.5384615384614,89.99857142857142,73.96428571428571,20.15142857142857,26.105714285714285,0.5003623188405799,12.19,0.14819611978099578,Pre
2020,29,2020.5576923076924,87.59,69.34142857142857,19.23857142857143,24.292857142857144,0.38976377952755925,28.92,0.14819611978099578,Pre
2020,30,2020.576923076923,86.75857142857143,68.30428571428571,20.09285714285714,24.995714285714286,0.02816901408450719,15.219999999999999,0.1333765078028962,Pre
2020,31,2020.5961538461538,86.34,64.96428571428571,18.09285714285714,25.30142857142857,0.41071428571428575,7.66,0.08891767186859746,Pre
2020,32,2020.6153846153845,92.67142857142856,66.64142857142858,19.365714285714287,22.981428571428573,0.3775510204081632,1.71,0.10373728384669705,Pre
2020,33,2020.6346153846155,86.10714285714286,70.00857142857143,21.088571428571427,24.65,0.3324468085106384,14.29,0.1333765078028962,Pre
2020,34,2020.6538461538462,91.44571428571429,64.88142857142857,19.080000000000002,27.21,0.020942408376963064,30.549999999999997,0.05927844791239831,Pre
2020,35,2020.673076923077,91.59857142857143,69.18714285714286,19.44857142857143,24.55,0.22513089005235595,44.15,0.08891767186859746,Pre
2020,36,2020.6923076923076,86.21571428571428,64.98428571428572,18.951428571428572,26.617142857142856,0.345771144278607,3.5,0.05927844791239831,Pre
2020,37,2020.7115384615386,92.17857142857143,67.09,18.962857142857143,23.004285714285714,0.40503875968992265,19.77,0.07409805989049789,Pre
2020,38,2020.7307692307693,91.6,60.18857142857143,18.984285714285715,25.737142857142857,0.37999999999999984,2.66,0.10373728384669705,Pre
2020,39,2020.75,89.54285714285714,68.52,18.35,24.054285714285715,0.3799999999999999,2.53,0.10373728384669705,Pre
2020,40,2020.7692307692307,88.79428571428572,61.652857142857144,19.174285714285713,26.55857142857143,0.1809954751131218,6.66,0.04445883593429873,Pre
2020,41,2020.7884615384614,84.82142857142857,65.75,16.98142857142857,24.33142857142857,-0.17757009345794392,3.24,0.10373728384669705,Pre
2020,42,2020.8076923076924,90.35428571428572,54.47142857142857,19.701428571428572,23.64,-0.2999999999999998,3.48,0.05927844791239831,Pre
2020,43,2020.826923076923,88.80428571428571,64.84857142857143,19.669999999999998,28.427142857142858,-0.6994680851063834,0.5,0.2074745676933941,Pre
2020,44,2020.8461538461538,93.49142857142857,56.989999999999995,18.158571428571427,23.922857142857143,-0.4519774011299435,17.89,0.05927844791239831,Pre
2020,45,2020.8653846153845,90.72571428571429,46.05571428571429,20.35857142857143,23.451428571428572,-0.38747553816046953,0,0.07409805989049789,Pre
2020,46,2020.8846153846155,88.69571428571429,70.13428571428571,20.962857142857143,27.475714285714286,-0.41111111111111104,25.39,0.10373728384669705,Pre
2020,47,2020.9038461538462,87.83857142857143,63.45428571428572,21.325714285714287,28.214285714285715,-0.41999999999999976,0.01,0.07409805989049789,Pre
2020,48,2020.923076923077,94.10714285714286,56.787142857142854,20.37857142857143,29.217142857142857,-0.5300829875518672,0.27,0.16301573175909534,Pre
2020,49,2020.9423076923076,86.69714285714285,58.348571428571425,22.678571428571427,24.39857142857143,-0.34160958904109573,79.09,0.1333765078028962,Pre
2020,50,2020.9615384615386,95.29285714285714,51.10714285714286,21.802857142857142,30.54285714285714,-0.381967213114754,3.14,0.05927844791239831,Pre
2020,51,2020.9807692307693,95.26571428571428,74.93857142857144,20.514285714285712,26.531428571428574,-0.30981595092024533,0.17,0.07409805989049789,Pre
2020,52,2021,89.92,55.43,20.53,25.39857142857143,-0.30405405405405406,0.05,0.07409805989049789,Pre
2021,1,2021.0192307692307,93.07857142857144,71.35571428571428,21.007142857142856,26.13285714285714,-0.27796052631578966,13.07,0.08855355298255008,Pre
2020,53,2021.0192307692307,92.73285714285714,64.5,19.419999999999998,25.414285714285715,-0.07105263157894741,92.58,0.04445883593429873,Pre
2021,2,2021.0384615384614,94.26714285714286,63.87285714285714,21.90142857142857,23.097142857142856,0.12581699346405217,6.85,0.08855355298255008,Pre
2021,3,2021.0576923076924,88.41142857142857,73.26714285714286,21.687142857142856,25.354285714285716,0.09615384615384612,40.24,0.08855355298255008,Pre
2021,4,2021.076923076923,91.62714285714286,68.21285714285715,21.47,25.915714285714284,0.09464285714285699,12.68,0.2804195844447419,Pre
2021,5,2021.0961538461538,95.49,80.23,22.847142857142856,26.44,0.5915178571428571,5.96,0.25090173345055855,Pre
2021,6,2021.1153846153845,88.34857142857143,73.02857142857142,22.752857142857142,28.192857142857143,0.6047036082474225,83.25,0.19186603146219183,Pre
2021,7,2021.1346153846155,96.27571428571429,69.53714285714285,23.99142857142857,26.002857142857142,0.6400122549019608,39.910000000000004,0.19186603146219183,Pre
2021,8,2021.1538461538462,92.41142857142857,69.31142857142858,22.824285714285715,27.92142857142857,0.7658410138248849,80.35,0.3099374354389253,Pre
2021,9,2021.173076923077,92.48285714285714,80.43571428571428,24.165714285714287,26.93857142857143,0.568421052631579,73.78,0.19186603146219183,Pre
2021,10,2021.1923076923076,95.86714285714285,76.22428571428571,23.478571428571428,28.16,0.5570958646616542,23.83,0.2951785099418336,Pre
2021,11,2021.2115384615386,95.67999999999999,76.49142857142857,23.925714285714285,27.807142857142857,0.7150800711743774,26.69,0.42800883941565876,Pre
2021,12,2021.2307692307693,94.51,73.65857142857143,22.495714285714286,28.517142857142858,0.6791411042944785,249.42000000000002,0.42800883941565876,Pre
2021,13,2021.25,94.5,74.49857142857142,22.582857142857144,28.412857142857145,0.7338226482923905,158.28,0.4870445414040254,Pre
2021,14,2021.2692307692307,92.77,73.02714285714286,22.522857142857145,29.964285714285715,1.0058776382580819,161.83,0.737946274854584,Pre
2021,15,2021.2884615384614,93.77571428571429,65.06142857142858,22.48857142857143,28.61285714285714,1.0424874191229336,104.3,0.737946274854584,Pre
2021,16,2021.3076923076924,94.38285714285715,57.18714285714286,23.587142857142858,25.875714285714285,0.6809774143302181,97.13,0.3984909884214754,Pre
2021,17,2021.326923076923,92.75142857142858,64.39142857142858,23.52714285714286,28.23857142857143,0.6356791641057162,36.12,0.6198748708778506,Pre
2021,18,2021.3461538461538,89.21428571428571,75.95428571428572,23.548571428571428,27.02285714285714,0.43047930743243257,0.5700000000000001,0.3099374354389253,Pre
2021,19,2021.3653846153845,92.87428571428572,72.73285714285714,23.502857142857142,29.264285714285716,0.35258413461538485,1.4799999999999998,0.5165623923982088,Pre
2021,20,2021.3846153846155,91.22285714285714,74.85857142857142,24.051428571428573,26.577142857142857,0.2727562468128509,117.17,0.7231873493574923,Pre
2021,21,2021.4038461538462,95.00285714285714,66.05571428571429,23.937142857142856,28.777142857142856,0.058121019108280235,63.19,0.5313213178953005,Pre
2021,22,2021.423076923077,93.86857142857143,79.84,23.967142857142857,28.844285714285714,-0.04722422494592645,104.86,0.47228561590693374,Pre
2021,23,2021.4423076923076,91.94714285714285,69.32142857142857,22.177142857142858,27.708571428571428,-0.05339442678137263,35.84,0.368973137427292,Pre
2021,24,2021.4615384615386,93.76,66.16,20.93,26.105714285714285,0.03918848621466934,23.93,0.38373206292438367,Pre
2021,25,2021.4807692307693,91.37714285714286,70.08857142857143,21.762857142857143,26.374285714285715,0.2470100462446177,126.83000000000001,0.22138388245637522,Pre
2021,26,2021.5,90.01,68.09,21.347142857142856,25.037142857142857,0.07317780031879428,14.67,0.38373206292438367,Pre
2021,27,2021.5192307692307,85.85714285714286,62.31142857142857,20.63142857142857,24.68714285714286,0.2112893872027833,0.81,0.3099374354389253,Pre
2021,28,2021.5384615384614,87.20571428571428,73.17,19.737142857142857,25.21142857142857,0.3675336322869954,26.39,0.20662495695928354,Pre
2021,29,2021.5576923076924,89.63285714285715,69.56428571428572,20.102857142857143,23.47714285714286,0.6012537001567125,18.64,0.22138388245637522,Pre
2021,30,2021.576923076923,89.30428571428571,68.61714285714285,20.622857142857143,24.775714285714287,0.7766293198674451,9.25,0.11807140397673344,Pre
2021,31,2021.5961538461538,86.00142857142858,67.08142857142857,20.995714285714286,25.832857142857144,0.6536877076411957,16.52,0.11807140397673344,Pre
2021,32,2021.6153846153845,92.33,66.98285714285714,20.81142857142857,25.43,0.6755964838844707,20.22,0.1475892549709168,Pre
2021,33,2021.6346153846155,85.42,61.80428571428571,18.665714285714287,24.73857142857143,0.5997859818084534,24.46,0.1475892549709168,Pre
2021,34,2021.6538461538462,88.39142857142858,71.79571428571428,19.145714285714288,22.201428571428572,0.5625444207533757,19.91,0.19186603146219183,Pre
2021,35,2021.673076923077,88.3457142857143,71.97285714285714,17.13,23.715714285714284,0.4320675105485233,1.36,0.17710710596510015,Pre
2021,36,2021.6923076923076,94.74,67.32142857142857,18.38714285714286,23.062857142857144,0.6005988023952094,0.61,0.11807140397673344,Pre
2021,37,2021.7115384615386,91.70571428571428,67.41,18.852857142857143,22.15,0.5762061403508771,31.73,0.10331247847964177,Pre
2021,38,2021.7307692307693,83.69714285714285,62.43714285714286,17.18,25.172857142857143,0.5205263157894745,12.02,0.04427677649127504,Pre
2021,39,2021.75,91.33,69.42857142857143,16.287142857142857,22.748571428571427,0.44926470588235284,3.48,0.11807140397673344,Pre
2021,40,2021.7692307692307,91,59.722857142857144,17.354285714285712,23.038571428571426,0.30736301369863,4.28,0.08855355298255008,Pre
2021,41,2021.7884615384614,90.81285714285714,57.70428571428572,18.142857142857142,22.217142857142857,0.5426540284360192,0.78,0.08855355298255008,Pre
2021,42,2021.8076923076924,93.45571428571428,52.18857142857143,18.852857142857143,23.935714285714287,0.5685840707964602,0.5700000000000001,0.08855355298255008,Pre
2021,43,2021.826923076923,84.47285714285714,61.87428571428571,19.662857142857142,27.147142857142857,0.6861924686192471,0,0.02951785099418336,Pre
2021,44,2021.8461538461538,85.34714285714286,62.18,19.68285714285714,29.09857142857143,0.6174603174603175,0.15,0.05903570198836672,Pre
2021,45,2021.8653846153845,88.96428571428571,52.99142857142857,20.25857142857143,25.111428571428572,0.5345911949685535,8.64,0.04427677649127504,Pre
2021,46,2021.8846153846155,92.13428571428571,45.705714285714286,20.645714285714284,25.765714285714285,-0.12938596491228047,1.09,0.23614280795346687,Pre
2021,47,2021.9038461538462,94.15142857142857,62.652857142857144,18.815714285714286,27.33,0.24004975124378103,13.33,0.17710710596510015,Pre
2021,48,2021.923076923077,90.72285714285714,66.24,19.97,25.234285714285715,0.5166666666666667,5.45,0.25090173345055855,Pre
2021,49,2021.9423076923076,93.99,60.48285714285714,20.037142857142857,27.36,0.7186666666666665,0.8600000000000001,0.2804195844447419,Pre
2021,50,2021.9615384615386,96.06285714285714,57.93,19.927142857142858,26.12857142857143,0.4444444444444445,22.04,0.08855355298255008,Pre
2021,51,2021.9807692307693,94.48142857142857,58.31285714285714,18.37857142857143,25.864285714285714,0.450544015825915,7.43,0.08855355298255008,Pre
