EPI_YEAR,EPI_WEEK,tplot,rh_max_lag,rh_min_lag,t_min_lag,t_max_lag,LAMBDA_lag,CASES_100K,label
2012,22,2012.423076923077,100,54.252857142857145,16.28142857142857,29.22714285714286,0.9308076759866094,0.22224950002410554,Pre
2012,23,2012.4423076923076,99.44714285714285,59.205714285714286,16.02,26.757142857142856,0.9525332792507095,0.1538650384782269,Pre
2012,24,2012.4615384615386,98.47428571428571,69.76714285714286,17.14,26.44,0.9693953467400124,0.13676892309175726,Pre
2012,25,2012.4807692307693,99.60714285714286,61.785714285714285,17.885714285714286,28.952857142857145,0.9389226271531,0.1795092115579314,Pre
2012,26,2012.5,99.09857142857143,68.64285714285714,16.15714285714286,27.75,0.8830849069681941,0.2137014423308707,Pre
2012,27,2012.5192307692307,98.93857142857142,60.00857142857143,15.70142857142857,27.255714285714287,0.7920828783650797,0.05983640385264379,Pre
2012,28,2012.5384615384614,94.35571428571428,52.79571428571428,12.317142857142857,27.111428571428572,0.6266368258829533,0.11967280770528758,Pre
2012,29,2012.5576923076924,98.33142857142857,61.885714285714286,13.925714285714285,26.771428571428572,0.5333039361307093,0.11112475001205277,Pre
2012,30,2012.576923076923,98.30285714285715,60.06142857142857,13.18142857142857,28.427142857142858,0.5954341317365267,0.07693251923911346,Pre
2012,31,2012.5961538461538,95.36571428571429,49.98285714285714,12.661428571428571,27.28142857142857,0.6224687217851153,0.08548057693234827,Pre
2012,32,2012.6153846153845,97.55428571428571,54.222857142857144,13.704285714285714,27.02285714285714,0.412623985572588,0.051288346159408964,Pre
2012,33,2012.6346153846155,99.18714285714286,43.457142857142856,13.165714285714285,24.397142857142857,0.4560669456066946,0.034192230772939314,Pre
2012,34,2012.6538461538462,95.59,39.58,13.17142857142857,20.731428571428573,0.5391705069124423,0.034192230772939314,Pre
2012,35,2012.673076923077,95.42999999999999,32.18714285714286,12.994285714285715,23.537142857142857,0.5816326530612242,0.025644173079704482,Pre
2012,36,2012.6923076923076,98.12571428571428,38.30571428571429,12.242857142857144,19.79,0.5333804309431298,0.025644173079704482,Pre
2012,37,2012.7115384615386,97.00857142857143,33.27571428571429,12.358571428571429,22.431428571428572,0.2108357832843344,0.05983640385264379,Pre
2012,38,2012.7307692307693,96.92,33.23285714285714,10.275714285714285,24.13,0.6472392638036812,0.06838446154587863,Pre
2012,39,2012.75,89.60714285714286,33.72428571428571,8.938571428571429,21.09285714285714,0.6474908200734394,0.034192230772939314,Pre
2012,40,2012.7692307692307,94.50571428571429,41.56142857142857,12.925714285714285,23.05857142857143,0.49488926746166945,0.034192230772939314,Pre
2012,41,2012.7884615384614,91.55285714285715,29.43,12.481428571428571,21.419999999999998,0.4389534883720929,0.051288346159408964,Pre
2012,42,2012.8076923076924,91.88428571428571,40.94714285714286,10.111428571428572,22.538571428571426,0.24280575539568341,0.06838446154587863,Pre
2012,43,2012.826923076923,95.59,41.29571428571428,12.085714285714285,24.021428571428572,0.298469387755102,0.051288346159408964,Pre
2012,44,2012.8461538461538,94.69714285714285,46.77857142857143,11.562857142857142,19.15142857142857,0.2755102040816325,0.025644173079704482,Pre
2012,45,2012.8653846153845,93.36428571428571,42.331428571428575,12.394285714285715,18.451428571428572,0.17289719626168207,0.051288346159408964,Pre
2012,46,2012.8846153846155,97.12571428571428,49.91142857142857,13.041428571428572,25.24857142857143,0.09523809523809504,0.042740288466174135,Pre
2012,47,2012.9038461538462,96.77857142857142,55.62285714285714,15.662857142857144,23.395714285714284,-0.05277777777777791,0.034192230772939314,Pre
2012,48,2012.923076923077,97.52714285714286,35.76857142857143,16.642857142857142,24.23857142857143,-0.00949367088607562,0.05983640385264379,Pre
2012,49,2012.9423076923076,96.66142857142857,44.787142857142854,11.125714285714286,25.485714285714284,0.09177215189873394,0.08548057693234827,Pre
2012,50,2012.9615384615386,97.74142857142857,47.58857142857143,14.694285714285714,26.76857142857143,0.48706896551724144,0.07693251923911346,Pre
2012,51,2012.9807692307693,97.06285714285714,59.80428571428571,15.71,25.045714285714286,0.6755725190839698,0.10257669231881793,Pre
2012,52,2013,98.04714285714286,69.10857142857142,14.5,28.39,1.4282051282051278,0.1795092115579314,Pre
2013,1,2013.0192307692307,97.19,63.142857142857146,17.551428571428573,30.354285714285712,3.314652014652014,0.5518105072530822,Pre
2013,2,2013.0384615384614,98.08,69.47428571428571,17.98857142857143,30.587142857142858,1.2308905327140318,0.6282150390265858,Pre
2013,3,2013.0576923076924,97.46428571428571,67.73,17.16857142857143,22.80142857142857,1.0596718406082954,0.6451938238651422,Pre
2013,4,2013.076923076923,98.25857142857143,66.75,14.825714285714286,31.72285714285714,0.9620045992251752,0.5942574693494732,Pre
2013,5,2013.0961538461538,98.33,64.44714285714286,15.207142857142857,28.545714285714286,1.0103071020797765,0.7810241025735933,Pre
2013,6,2013.1153846153845,97.78571428571429,65.35714285714286,16.36,27.84,0.8279489728296883,0.543321114833804,Pre
2013,7,2013.1346153846155,97.65285714285714,69.31142857142858,19.174285714285713,30.622857142857143,0.8100220990830532,0.6282150390265858,Pre
2013,8,2013.1538461538462,95.83,61.31142857142857,19.665714285714287,30.86857142857143,0.9154000730727073,1.2054937235375027,Pre
2013,9,2013.173076923077,97.36571428571429,59.88142857142857,19.65,27.377142857142857,1.1502710459183676,1.7148572686941939,Pre
2013,10,2013.1923076923076,98.37428571428572,61.94714285714286,20.127142857142857,25.12142857142857,1.0227824530697918,1.8252193701448105,Pre
2013,11,2013.2115384615386,99.25,62.597142857142856,18.717142857142857,29.862857142857145,1.2113980151757575,2.572285903041291,Pre
2013,12,2013.2307692307693,97.83857142857143,71.72142857142858,17.76142857142857,28.560000000000002,1.2410376329958237,3.073160055778704,Pre
2013,13,2013.25,98.06142857142858,75.09,17.325714285714284,30.978571428571428,0.8988830007190914,2.2836465607858325,Pre
2013,14,2013.2692307692307,98.08142857142857,65.44714285714285,17.054285714285715,28.681428571428572,0.9697473798140813,3.2174797269064332,Pre
2013,15,2013.2884615384614,99.85714285714286,67.67,18.00857142857143,26.805714285714288,0.9625399029352988,3.5570554236775607,Pre
2013,16,2013.3076923076924,98.21428571428571,70.80714285714285,17.517142857142858,28.467142857142857,0.856314590032651,3.0901388406172603,Pre
2013,17,2013.326923076923,99.66142857142857,60.37428571428571,18.804285714285715,25.777142857142856,0.6818253492884787,1.9610496488532612,Pre
2013,18,2013.3461538461538,100,60.794285714285714,19.354285714285716,25.75857142857143,0.5925894116158975,1.4686648885351266,Pre
2013,19,2013.3653846153845,99.09,61.40857142857143,18.354285714285716,25.144285714285715,0.6257611147920462,1.307366432568841,Pre
2013,20,2013.3846153846155,99.74142857142857,53.05428571428571,19.34285714285714,25.92142857142857,0.7310142966533822,1.1885149386989464,Pre
2013,21,2013.4038461538462,97.10714285714286,63.51714285714286,19.571428571428573,26.975714285714286,0.823131017823481,0.8828968116049315,Pre
2013,22,2013.423076923077,99.75857142857143,64.52571428571429,16.365714285714287,24.661428571428573,0.9360257885907298,0.5518105072530822,Pre
2013,23,2013.4423076923076,99.16,72.49142857142857,16.21857142857143,27.94142857142857,0.9213780238652183,0.33957569677112753,Pre
2013,24,2013.4615384615386,99.62571428571428,64.39142857142858,17.257142857142856,28.117142857142856,0.965542798174292,0.2546817725783456,Pre
2013,25,2013.4807692307693,100,61.74857142857143,16.604285714285716,27.34285714285714,0.8960322905253637,0.2886393422554584,Pre
2013,26,2013.5,99.79428571428572,64.52714285714286,12.382857142857143,28.63142857142857,0.7788791506058275,0.18676663322412013,Pre
2013,27,2013.5192307692307,99.85714285714286,75.95571428571428,12.554285714285715,26.208571428571428,0.6747235304149339,0.15280906354700738,Pre
2013,28,2013.5384615384614,98.67,66.19714285714286,14.301428571428572,22.58142857142857,0.797684156554435,0.15280906354700738,Pre
2013,29,2013.5576923076924,97.16142857142857,61.16142857142857,10.791428571428572,24.201428571428572,0.8303661404098083,0.19525602564339833,Pre
2013,30,2013.576923076923,96.35857142857142,57.31142857142857,13.398571428571428,25.732857142857142,0.7792057324159568,0.1443196711277292,Pre
2013,31,2013.5961538461538,97.82142857142857,72.21285714285715,13.657142857142857,24.734285714285715,0.6503557347078122,0.1273408862891728,Pre
2013,32,2013.6153846153845,91.61428571428571,43.222857142857144,13.338571428571429,22.132857142857144,0.5365278673879597,0.11885149386989463,Pre
2013,33,2013.6346153846155,95.06285714285714,49.69571428571429,12.527142857142858,22.755714285714287,0.5529495945301323,0.05093635451566913,Pre
2013,34,2013.6538461538462,96.73142857142857,58.55571428571429,13.128571428571428,25.337142857142858,0.7198783732421131,0.059425746934947316,Pre
2013,35,2013.673076923077,97.08142857142857,50.31285714285714,12.821428571428571,22.41,0.8224800399201595,0.04244696209639094,Pre
2013,36,2013.6923076923076,97.40142857142857,40.87428571428571,13.85,23.485714285714288,0.6515189555611346,0.05093635451566913,Pre
2013,37,2013.7115384615386,93.06428571428572,45.65142857142857,12.012857142857143,22.237142857142857,0.8364715513712647,0.04244696209639094,Pre
2013,38,2013.7307692307693,94.47428571428571,32.76571428571429,11.127142857142857,21.78857142857143,0.8598889363519866,0.04244696209639094,Pre
2013,39,2013.75,95.11571428571429,44.11857142857143,11.879999999999999,22.07857142857143,0.83878504672897225,0.03395756967711275,Pre
2013,40,2013.7692307692307,96.59857142857143,54.07,9.314285714285715,22.525714285714287,0.6595744680851067,0.05093635451566913,Pre
2013,41,2013.7884615384614,98.57142857142857,63.81285714285714,8.965714285714286,21.731428571428573,0.6427399507793276,0.059425746934947316,Pre
2013,42,2013.8076923076924,96.09,48.91,12.401428571428571,20.90142857142857,0.49866488651535407,0.04244696209639094,Pre
2013,43,2013.826923076923,95.41,55.784285714285716,9.195714285714287,21.72142857142857,-0.0225563909774437,0.07640453177350369,Pre
2013,44,2013.8461538461538,95.26714285714286,49.89857142857143,12.12,21.67142857142857,-0.27403846153846156,0.04244696209639094,Pre
2013,45,2013.8653846153845,93.92857142857143,48.41,10.264285714285714,22.86857142857143,-0.3657407407407407,0.0679151393542255,Pre
2013,46,2013.8846153846155,97.66,56.71714285714285,12.428571428571429,16.917142857142856,-0.2619047619047619,0.05093635451566913,Pre
2013,47,2013.9038461538462,94.54571428571428,38.76857142857143,12.857142857142858,23.265714285714285,-0.2727272727272727,0.05093635451566913,Pre
2013,48,2013.923076923077,96.76571428571428,55.85714285714286,15.477142857142857,25.13285714285714,-0.2727272727272731,0.05093635451566913,Pre
2013,49,2013.9423076923076,98.32000000000001,64.34714285714286,11.838571428571429,19.13,-0.36521739130434844,0.09338331661206006,Pre
2013,50,2013.9615384615386,98.01,54.55428571428571,14.547142857142857,23.73,0.49775784753363206,0.11885149386989463,Pre
2013,51,2013.9807692307693,97.98,55.38428571428572,12.205714285714286,23.922857142857143,0.4699769053117784,0.09338331661206006,Pre
2013,52,2014,97.37428571428572,46.57,15.845714285714285,24.751428571428573,0.5465116279069768,0.10187270903133826,Pre
2014,1,2014.0192307692307,96.01857142857143,44.471428571428575,16.805714285714284,28.434285714285714,0.6602209944751384,0.12647250888153194,Pre
2014,2,2014.0384615384614,95.68857142857142,56.651428571428575,13.19,28.555714285714284,1.445701357466063,0.24451351717096173,Pre
2014,3,2014.0576923076924,95.34142857142857,48.33,14.811428571428571,23.065714285714286,1.6633759194734805,0.3878490272366979,Pre
2014,4,2014.076923076923,96.97285714285714,51.67857142857143,16.16857142857143,23.759999999999998,1.2306707317073167,0.4300065301972085,Pre
2014,5,2014.0961538461538,97.67,44.41857142857143,16.908571428571427,23.367142857142856,1.4718205544191296,0.7082460497365788,Pre
2014,6,2014.1153846153845,91.74,29.98,17.002857142857142,25.57857142857143,1.099035685585881,0.6998145491444767,Pre
2014,7,2014.1346153846155,84.58285714285714,25.59,18.265714285714285,28.72714285714286,1.7206183566546642,1.711594620196732,Pre
2014,8,2014.1538461538462,89.58857142857143,35.36714285714286,17.23,26.217142857142857,1.3135453616965196,2.1331696498018387,Pre
2014,9,2014.173076923077,96.64285714285714,44.00857142857143,16.185714285714283,24.742857142857144,1.290368571413083,2.799258196577907,Pre
2014,10,2014.1923076923076,94.32285714285715,50,18.29714285714286,30.47714285714286,1.4573564768574725,4.468695313814128,Pre
2014,11,2014.2115384615386,98.44571428571429,51.68,20.76857142857143,26.88285714285714,1.376532312181377,6.045385924537227,Epi
2014,12,2014.2307692307693,97.74,53.972857142857144,18.955714285714286,25.82857142857143,1.5532310299378649,9.991328201641023,Epi
2014,13,2014.25,94.48142857142857,47.57,18.82,28.705714285714286,1.595406793962831,15.910241617296718,Epi
2014,14,2014.2692307692307,98.21428571428571,49.32,18.83,27.622857142857143,1.2857548656257574,18.85283532394036,High
2014,15,2014.2884615384614,98.24,50.39285714285714,18.361428571428572,28.152857142857144,1.3131344719742275,25.842549314793025,High
2014,16,2014.3076923076924,96.60571428571428,41.80285714285714,20.384285714285713,30.599999999999998,1.362018850177001,36.58428106913114,High
2014,17,2014.326923076923,98.51,62.55285714285714,19.60142857142857,29.19,0.9989009247147271,30.741251158804364,High
2014,18,2014.3461538461538,98.13428571428571,54.034285714285716,17.76142857142857,29.19857142857143,0.9143804240272007,26.99766489591102,High
2014,19,2014.3653846153845,95.38285714285715,40.11571428571428,19.507142857142856,28.362857142857145,0.8154460081383644,18.262630282493213,High
2014,20,2014.3846153846155,96.01571428571428,39.427142857142854,18.314285714285713,30.894285714285715,0.77304025789275,19.063622838742912,High
2014,21,2014.4038461538462,96.96428571428571,39.339999999999996,18.377142857142857,34.135714285714286,0.7234765913131327,11.256053290456341,Epi
2014,22,2014.423076923077,99.1,51.91142857142857,18.951428571428572,35.95428571428571,0.7268407240529912,8.16169257315486,Epi
2014,23,2014.4423076923076,98.92857142857143,62.41285714285714,16.63142857142857,32.23285714285714,0.8344640967582815,4.232613297235269,Pre
2014,24,2014.4615384615386,95.61571428571429,43.034285714285716,18.27,29.377142857142857,0.9324266932501729,3.220833226183013,Pre
2014,25,2014.4807692307693,95.08857142857143,50.18857142857143,17.53857142857143,29.132857142857144,0.9431802525107622,2.9763197090120515,Pre
2014,26,2014.5,99.22285714285714,50.534285714285716,16.212857142857143,28.155714285714286,0.9352579804203175,2.1163066486176345,Pre
2014,27,2014.5192307692307,90.71428571428571,38.83,15.977142857142857,28.22142857142857,0.8334497534530837,1.3996290982889534,Pre
2014,28,2014.5384615384614,89.78428571428572,33.48142857142857,12.964285714285714,29.89857142857143,0.8067541379565872,0.9696225680917449,Pre
2014,29,2014.5576923076924,97.01,52.395714285714284,14.182857142857143,27.27857142857143,0.7294007115045501,0.657657046183966,Pre
2014,30,2014.576923076923,98.68857142857142,38.74142857142857,12.785714285714286,28.43,0.7936579617953472,0.5649105396708427,Pre
2014,31,2014.5961538461538,94.16714285714286,35.25714285714286,14.124285714285714,30.38714285714286,0.5975151054778264,0.3709860260524937,Pre
2014,32,2014.6153846153845,97.17,42.82142857142857,11.498571428571429,24.498571428571427,0.661379397218487,0.21078751480255323,Pre
2014,33,2014.6346153846155,88.29571428571428,30.607142857142858,11.214285714285715,24.957142857142856,0.5639227202709277,0.19392451361834895,Pre
2014,34,2014.6538461538462,90.55428571428571,44.66857142857143,13.89,25.137142857142855,0.7950205685719646,0.13490400947363407,Pre
2014,35,2014.673076923077,96.86714285714285,32.410000000000004,12.894285714285715,27.04714285714286,0.8098219851911103,0.12647250888153194,Pre
2014,36,2014.6923076923076,86.31142857142858,30.305714285714288,12.648571428571428,25.725714285714286,0.6847055905372977,0.15176701065783832,Pre
2014,37,2014.7115384615386,96.88285714285715,41.00857142857143,11.782857142857143,24.37142857142857,0.6491452220142934,0.15176701065783832,Pre
2014,38,2014.7307692307693,91.44571428571429,24.571428571428573,13.062857142857142,20.677142857142858,0.6634767613851739,0.1433355100657362,Pre
2014,39,2014.75,93.84714285714286,29.42,11.077142857142857,23.935714285714287,0.6568566009730352,0.13490400947363407,Pre
2014,40,2014.7692307692307,96.57142857142857,42.167142857142856,10.552857142857142,24.93,0.6931880010156333,0.12647250888153194,Pre
2014,41,2014.7884615384614,94.70571428571428,45.285714285714285,11.522857142857143,22.704285714285714,0.5305667877458707,0.06745200473681703,Pre
2014,42,2014.8076923076924,91.62571428571428,22.937142857142856,10.992857142857142,25.925714285714285,0.33853387475956387,0.13490400947363407,Pre
2014,43,2014.826923076923,91.24142857142857,20.32857142857143,11.112857142857143,25.73,0.40721649484536004,0.08431500592102129,Pre
2014,44,2014.8461538461538,91.91285714285713,38.81285714285714,12.901428571428571,22.114285714285714,-0.09174311926605555,0.16863001184204257,Pre
2014,45,2014.8653846153845,94.68857142857142,31.644285714285715,11.624285714285714,23.498571428571427,-0.05860534124629078,0.15176701065783832,Pre
2014,46,2014.8846153846155,97.31285714285714,54.93714285714286,12.958571428571428,24.055714285714284,-0.15960451977401127,0.08431500592102129,Pre
2014,47,2014.9038461538462,96.44714285714285,41.48285714285714,14.065714285714286,23.655714285714286,0.0034762456546931675,0.09274650651312343,Pre
2014,48,2014.923076923077,92.24142857142857,37.60142857142857,14.854285714285714,25.804285714285715,-0.12952488687782793,0.1433355100657362,Pre
2014,49,2014.9423076923076,96.55142857142857,51.61571428571429,14.448571428571428,23.18,-0.3052941176470587,0.06745200473681703,Pre
2014,50,2014.9615384615386,94.99857142857142,41.32857142857143,15.011428571428572,27.30142857142857,-0.26056338028169007,0.10117800710522554,Pre
2014,51,2014.9807692307693,97.05142857142857,49.962857142857146,12.62,26.962857142857143,-0.26915113871635604,0.07588350532891916,Pre
2014,52,2015,96.36571428571429,46.23428571428571,17.4,26.444285714285716,-0.45516569200779733,0.21921901539465535,Pre
2015,1,2015.0192307692307,97.43714285714286,59.284285714285716,15.682857142857143,30.904285714285713,4.643807870370371,1.214096548474228,Pre
2014,53,2015.0192307692307,95.78428571428572,56.035714285714285,16.071428571428573,31.147142857142857,0.576095166163142,0.7756980544733958,Pre
2015,2,2015.0384615384614,95.09857142857143,58.62571428571429,17.798571428571428,27.497142857142858,0.8323903088991479,1.3229465838546761,Pre
2015,3,2015.0576923076924,94.81142857142858,47.13428571428572,14.922857142857143,26.084285714285716,1.3976528384279474,2.6793854862879516,Pre
2015,4,2015.076923076923,94.81142857142858,43.31285714285714,14.711428571428572,30.19142857142857,1.37303810629496,3.7846319993817317,Pre
2015,5,2015.0961538461538,96.92142857142856,62.75,18.12142857142857,36.73285714285714,1.7319180885908518,7.3013254501346685,Epi
2015,6,2015.1153846153845,98.25,64.17,17.005714285714287,29.08857142857143,1.2679816792206757,8.498675839319597,Epi
2015,7,2015.1346153846155,99.33,60.285714285714285,18.50857142857143,30.978571428571428,1.5459366098289167,15.314362670064574,Epi
2015,8,2015.1538461538462,97.93571428571428,61.26857142857143,16.448571428571427,27.97142857142857,1.6322433197663344,25.52114675689274,High
2015,9,2015.173076923077,97.71428571428571,55.94714285714286,18.855714285714285,28.025714285714287,1.515087541383269,37.79608151594942,High
2015,10,2015.1923076923076,97.96571428571428,52.98285714285714,19.787142857142857,28.75857142857143,1.4005107061231343,51.67027448713422,High
2015,11,2015.2115384615386,98.21428571428571,69.09571428571428,19.958571428571428,28.08142857142857,1.2940031559920453,64.91648648497028,High
2015,12,2015.2307692307693,98.23428571428572,68.11571428571429,20.287142857142857,30.245714285714286,0.7105643973775169,22.205407217611402,High
2015,13,2015.25,99.34714285714286,61.044285714285714,19.181428571428572,27.87857142857143,0.6781623125153504,20.765237518731627,High
2015,14,2015.2692307692307,99.10857142857142,60.207142857142856,19.004285714285714,29.437142857142856,0.6390555302726065,23.98050010227717,High
2015,15,2015.2884615384614,98.30428571428571,58.33,17.428571428571427,27.958571428571428,0.5875731568777397,21.836991713246807,High
2015,16,2015.3076923076924,99.71428571428571,57.08714285714286,19.295714285714286,29.208571428571428,0.5405314773443849,21.326233854923164,High
2015,17,2015.326923076923,98.67857142857143,67.32285714285715,18.821428571428573,28.39142857142857,0.4868323587449491,18.563117572188716,High
2015,18,2015.3461538461538,99.37428571428572,56.857142857142854,18.59285714285714,31.48,0.49825547877797044,13.606254422556004,Epi
2015,19,2015.3653846153845,98.89428571428572,59.44428571428571,18.027142857142856,30.76,0.6001753564405107,8.147006494244303,Epi
2015,20,2015.3846153846155,99.22285714285714,61.645714285714284,18.622857142857143,26.59857142857143,0.6779683485498956,4.898251592120162,Pre
2015,21,2015.4038461538462,99.90142857142857,60.5,17.484285714285715,25.90714285714286,0.6334212305476722,3.2068895039008924,Pre
2015,22,2015.423076923077,98.86571428571429,54.86571428571428,16.747142857142858,28.32,0.3434058811316173,2.612400849130753,Pre
2015,23,2015.4423076923076,98.76,61.76714285714286,17.14,26.57857142857143,1.0176745553266497,1.3564389024332757,Pre
2015,24,2015.4615384615386,97.16142857142857,48.205714285714286,15.367142857142857,27.627142857142857,0.9907373255546332,0.8205618051756853,Pre
2015,25,2015.4807692307693,97.53571428571429,61.22428571428571,16.588571428571427,27.998571428571427,0.9128105863882198,0.55262325654689,Pre
2015,26,2015.5,97.95428571428572,51.17,17.347142857142856,25.515714285714285,0.8733429674290082,0.6949656105059374,Pre
2015,27,2015.5192307692307,95.84714285714286,57.99142857142857,14.054285714285715,24.68,0.7867522030317161,0.4270270618771423,Pre
2015,28,2015.5384615384614,97.93714285714286,66.75142857142856,13.89857142857143,25.858571428571427,0.6818056229315193,0.41028090258784267,Pre
2015,29,2015.5576923076924,92.40285714285714,47.82142857142857,12.65857142857143,26.662857142857142,0.5884894185146915,0.4856386193896912,Pre
2015,30,2015.576923076923,95.60857142857142,55.037142857142854,14.552857142857142,25.05857142857143,0.5992633164665826,0.3600424247199435,Pre
2015,31,2015.5961538461538,100,38.168571428571425,14.085714285714285,26.492857142857144,0.647812482357349,0.20932699111624622,Pre
2015,32,2015.6153846153845,90.71571428571428,31.81142857142857,12.958571428571428,25.34,0.6693969187094182,0.17583467253764684,Pre
2015,33,2015.6346153846155,97.61571428571429,32.18714285714286,13.131428571428572,23.681428571428572,0.47687640003402637,0.08373079644649849,Pre
2015,34,2015.6538461538462,94.75857142857143,35.41857142857143,12.315714285714286,23.207142857142856,0.5716775686423782,0.1339692743143976,Pre
2015,35,2015.673076923077,97.93714285714286,49.43857142857143,11.321428571428571,22.187142857142856,0.7239435971752582,0.08373079644649849,Pre
2015,36,2015.6923076923076,92.26571428571428,38.284285714285716,11.487142857142857,23.024285714285714,0.8569917495240114,0.041865398223249244,Pre
2015,37,2015.7115384615386,97.95428571428572,58.792857142857144,12.191428571428572,24.347142857142856,0.7059834123222747,0.05861155751254895,Pre
2015,38,2015.7307692307693,88.93857142857142,45.16,14.217142857142857,22.48857142857143,0.8584949645654609,0.0669846371571988,Pre
2015,39,2015.75,89.00857142857143,29.767142857142858,12.352857142857143,25.144285714285715,0.7848610750454426,0.1172231150250979,Pre
2015,40,2015.7692307692307,97.57285714285715,54.222857142857144,10.318571428571428,21.854285714285716,0.6036517769807627,0.08373079644649849,Pre
2015,41,2015.7884615384614,95.66142857142857,44.62571428571429,12.528571428571428,21.58142857142857,0.4503535429517078,0.0669846371571988,Pre
2015,42,2015.8076923076924,95.16142857142857,33.20428571428571,12.81,21.994285714285713,0.3545966228893057,0.12559619466974772,Pre
2015,43,2015.826923076923,94.27714285714286,47.18714285714286,13.32,20.494285714285716,0.08019639934533516,0.12559619466974772,Pre
2015,44,2015.8461538461538,97.29428571428572,53.74142857142857,13.241428571428571,25.338571428571427,0.16052631578947335,0.08373079644649849,Pre
2015,45,2015.8653846153845,97.68714285714286,68.37714285714286,13.778571428571428,22.70285714285714,0.15526315789473707,0.14234235395904746,Pre
2015,46,2015.8846153846155,98.09714285714286,60.01714285714286,14.48,24.524285714285714,0.7575941676792224,0.20932699111624622,Pre
2015,47,2015.9038461538462,97.58142857142857,67.12571428571428,15.418571428571429,27.72714285714286,0.6781577495863215,0.18420775218229668,Pre
2015,48,2015.923076923077,97.77714285714286,63.36714285714286,16.704285714285714,27.994285714285713,0.741253263707572,0.20932699111624622,Pre
2015,49,2015.9423076923076,97.36571428571429,66.11714285714285,17.487142857142857,26.704285714285714,0.9389468906037224,0.2846847079180949,Pre
2015,50,2015.9615384615386,97.15285714285714,67.13142857142857,15.60142857142857,24.451428571428572,1.0336496980155307,0.3098039468520444,Pre
2015,51,2015.9807692307693,97.08142857142857,62.93,17.43,27.545714285714286,1.1110252944583896,0.3851616636538931,Pre
2015,52,2016,97.89428571428572,64.52714285714286,16.555714285714288,24.367142857142856,1.8962810449105647,0.8624272033989345,Pre
2016,1,2016.0192307692307,97.37571428571428,71.25,16.725714285714286,28.515714285714285,0.3410009158002478,0.2661583928557764,Pre
2016,2,2016.0384615384614,97.45428571428572,60.16142857142857,17.708571428571428,32.73,0.31017408232937405,0.07485704799068711,Pre
2016,3,2016.0576923076924,97.67714285714285,71.85714285714286,18.77285714285714,27.765714285714285,0.3153221645985501,0.09149194754417314,Pre
2016,4,2016.076923076923,97.18714285714286,61.59,18.458571428571428,28.945714285714285,0.34785698666083537,0.058222148437201096,Pre
2016,5,2016.0961538461538,97.79571428571428,65.41,17.244285714285713,32.80285714285714,0.4046208530805687,0.049904698660458074,Pre
2016,6,2016.1153846153845,96.37571428571428,60.57857142857143,17.524285714285714,29.414285714285715,0.4221472203075606,0.10812684709765916,Pre
2016,7,2016.1346153846155,97.35142857142857,63.607142857142854,18.68285714285714,27.794285714285714,0.4443956754758825,0.09149194754417314,Pre
2016,8,2016.1538461538462,98.07142857142857,65.25,19.302857142857142,25.434285714285714,0.4681352914997773,0.08317449776743013,Pre
2016,9,2016.173076923077,97.37571428571428,69.73428571428572,20.15,28.247142857142858,0.4571768266320798,0.15803154575811726,Pre
2016,10,2016.1923076923076,98.02857142857142,73.08714285714285,19.958571428571428,26.774285714285714,0.44124857718238353,0.049904698660458074,Pre
2016,11,2016.2115384615386,98.51857142857143,67.2057142857143,18.145714285714284,27.47142857142857,0.20126235155470942,0.14971409598137422,Pre
2016,12,2016.2307692307693,98.67857142857143,65.02,19.911428571428573,26.062857142857144,-0.2039209632602656,0.08317449776743013,Pre
2016,13,2016.25,98.44571428571429,65.41857142857143,16.321428571428573,26.444285714285716,-0.4374398460057748,0.11644429687440219,Pre
2016,14,2016.2692307692307,99.92,66.76714285714286,19.147142857142857,27.93857142857143,-0.4386213408876299,0.09149194754417314,Pre
2016,15,2016.2884615384614,99.86571428571429,57.42,19.744285714285713,27.77857142857143,-0.45184135977337087,0.11644429687440219,Pre
2016,16,2016.3076923076924,97.04571428571428,57.59142857142857,18.174285714285713,26.06,-0.6306818181818182,0.1247617466511452,Pre
2016,17,2016.326923076923,93.03428571428572,55.82142857142857,19.884285714285713,28.50857142857143,-0.6643132220795891,0.16634899553486027,Pre
2016,18,2016.3461538461538,96.42857142857143,59.34857142857143,19.46142857142857,26.315714285714286,-0.5895953757225432,0.09149194754417314,Pre
2016,19,2016.3653846153845,100,52.75142857142857,18.36285714285714,25.412857142857142,-0.6156069364161848,0.09980939732091615,Pre
2016,20,2016.3846153846155,98.78571428571429,60.92857142857143,19.124285714285715,27.74,-0.4806517311608962,0.058222148437201096,Pre
2016,21,2016.4038461538462,98.58142857142857,68.45428571428572,17.377142857142857,28.59,-0.07092555331991961,0.058222148437201096,Pre
2016,22,2016.423076923077,99.36714285714285,64.43714285714286,18.415714285714284,28.22,0,0,Pre
2016,23,2016.4423076923076,99.28571428571429,69.56285714285714,19.341428571428573,28.25857142857143,0.42394822006472477,0.03326979910697205,Pre
2016,24,2016.4615384615386,99.61714285714285,64.08857142857143,17.3,26.252857142857142,0.7604070305272892,0.016634899553486026,Pre
2016,25,2016.4807692307693,99.82142857142857,55.25142857142857,18.042857142857144,24.785714285714285,0,0,Pre
2016,26,2016.5,99.67857142857143,67.01,17.458571428571428,27.375714285714285,0.6929651545036163,0.049904698660458074,Pre
2016,27,2016.5192307692307,100,58.12571428571429,14.194285714285714,26.192857142857143,0.6093851132686083,0.11644429687440219,Pre
2016,28,2016.5384615384614,98.65142857142857,48.785714285714285,12.007142857142856,27.087142857142858,0.6306888068880685,0.1247617466511452,Pre
2016,29,2016.5576923076924,89.97285714285714,48.644285714285715,15.147142857142857,27.212857142857143,0.5041841004184101,0.058222148437201096,Pre
2016,30,2016.576923076923,98.88428571428571,52.17857142857143,14.144285714285715,28.504285714285714,0.33195941661382355,0.08317449776743013,Pre
2016,31,2016.5961538461538,99.23285714285714,52.322857142857146,11.864285714285714,28.48857142857143,0.424487594390507,0.09149194754417314,Pre
2016,32,2016.6153846153845,96.75,47.89142857142857,13.715714285714286,28.22714285714286,0.3122977346278318,0.03326979910697205,Pre
2016,33,2016.6346153846155,97.56285714285714,44.955714285714286,9.045714285714286,23.28,0.4595162986330179,0.016634899553486026,Pre
2016,34,2016.6538461538462,92.95571428571428,43.355714285714285,7.344285714285714,22.861428571428572,0.26598579040852577,0.09980939732091615,Pre
2016,35,2016.673076923077,97.88571428571429,47.50142857142857,11.21,23.56,0.2483686786296902,0.07485704799068711,Pre
2016,36,2016.6923076923076,91.92,45.73142857142857,10.562857142857142,22.591428571428573,0.1324823943661972,0.0665395982139441,Pre
2016,37,2016.7115384615386,98.14428571428572,45.82,9.914285714285715,21.31,0.07756696428571429,0.024952349330229037,Pre
2016,38,2016.7307692307693,91.91142857142857,35.927142857142854,12.234285714285715,21.725714285714286,0.10125361620057871,0.08317449776743013,Pre
2016,39,2016.75,96.28571428571429,42.11714285714286,7.785714285714286,18.28142857142857,-0.16742338251986394,0.03326979910697205,Pre
2016,40,2016.7692307692307,97.30142857142857,38.48,10.502857142857144,19.548571428571428,-0.22172619047619055,0.0665395982139441,Pre
2016,41,2016.7884615384614,97.93571428571428,46.24142857142857,12.032857142857143,20.044285714285714,-0.2203264094955493,0.049904698660458074,Pre
2016,42,2016.8076923076924,97.37571428571428,43.535714285714285,10.341428571428573,22.175714285714285,-0.33620689655172414,0.058222148437201096,Pre
2016,43,2016.826923076923,94.54428571428572,42.19571428571429,13.812857142857142,22.332857142857144,-0.2702952029520292,0.07485704799068711,Pre
2016,44,2016.8461538461538,97.41,57.035714285714285,9.825714285714286,25.08,-0.36781609195402315,0.09149194754417314,Pre
2016,45,2016.8653846153845,95.44571428571429,50.01857142857143,13.722857142857142,18.742857142857144,-0.015366430260047621,0.09149194754417314,Pre
2016,46,2016.8846153846155,98.12428571428572,48.93857142857143,13.018571428571429,23.38,0.19451697127937354,0.11644429687440219,Pre
2016,47,2016.9038461538462,97.4,59.51714285714286,13.822857142857142,24.494285714285716,0.5017452006980802,0.1247617466511452,Pre
2016,48,2016.923076923077,96.88285714285715,47.18714285714286,12.654285714285715,23.25857142857143,0.6217063989962357,0.1330791964278882,Pre
2016,49,2016.9423076923076,96.92142857142856,55.16,11.469999999999999,27.36285714285714,0.6951066499372649,0.09980939732091615,Pre
2016,50,2016.9615384615386,96.01857142857143,44.285714285714285,13,22.815714285714286,0.7116564417177914,0.11644429687440219,Pre
2016,51,2016.9807692307693,96.59,60.542857142857144,15.364285714285714,26.385714285714286,0.772,0.10812684709765916,Pre
2016,52,2017,96.48285714285714,54.348571428571425,18.43,25.11,0.6739130434782609,0.11644429687440219,Pre
2017,1,2017.0192307692307,97.27714285714286,50.20428571428572,15.134285714285715,28.765714285714285,0.2894736842105263,0.024793619973475785,Pre
2017,2,2017.0384615384614,97.91142857142857,61.652857142857144,15.335714285714285,26.521428571428572,0.8076923076923075,0.008264539991158596,Pre
2017,3,2017.0576923076924,97.46285714285715,66.23857142857143,16.53857142857143,25.43,0.8452655889145497,0.01652907998231719,Pre
2017,4,2017.076923076923,98.26714285714286,69.74,15.125714285714286,24.75,0.8604852686308491,0.01652907998231719,Pre
2017,5,2017.0961538461538,97.82142857142857,70.42,14.90857142857143,28.634285714285713,0,0,Pre
2017,6,2017.1153846153845,98.34714285714286,67.40142857142857,16.61,31.732857142857142,0.8537463976945247,0.01652907998231719,Pre
2017,7,2017.1346153846155,98.06428571428572,61.08714285714286,16.43,26.224285714285713,0.8012129380053908,0.024793619973475785,Pre
2017,8,2017.1538461538462,97.50714285714285,54.285714285714285,16.412857142857142,27.335714285714285,0.7461795606494747,0.01652907998231719,Pre
2017,9,2017.173076923077,97.32142857142857,59.84,18.080000000000002,28.187142857142856,0.7517064846416383,0.024793619973475785,Pre
2017,10,2017.1923076923076,97.88428571428571,68.67857142857143,19.69,24.417142857142856,0.6698172652804033,0.008264539991158596,Pre
2017,11,2017.2115384615386,97.84857142857143,70.13285714285715,19.827142857142857,27.88285714285714,0.5075187969924814,0.024793619973475785,Pre
2017,12,2017.2307692307693,97.97142857142858,68.71571428571428,19.96142857142857,26.934285714285714,0,0,Pre
2017,13,2017.25,98.24,61.542857142857144,18.52,29.627142857142857,0,0,Pre
2017,14,2017.2692307692307,98.59,62.44714285714286,18.71857142857143,26.172857142857143,0.026134800550206446,0.10743901988506174,Pre
2017,15,2017.2884615384614,99.15142857142857,61.25,19.048571428571428,27.652857142857144,1.7035830618892507,0.1818198798054891,Pre
2017,16,2017.3076923076924,99.28714285714285,67.24142857142857,18.895714285714284,30.05142857142857,1.294204115917682,0.22314257976128204,Pre
2017,17,2017.326923076923,98.48285714285714,67.85714285714286,18.482857142857142,27.347142857142856,0.9686625026922246,0.1818198798054891,Pre
2017,18,2017.3461538461538,98.15285714285714,69.86571428571429,18.755714285714284,27.082857142857144,0.8463432427503191,0.12396809986737893,Pre
2017,19,2017.3653846153845,99.24142857142857,65.66285714285715,18.885714285714286,24.892857142857142,0.8157696650357545,0.10743901988506174,Pre
2017,20,2017.3846153846155,99.61571428571429,64.33,19.75857142857143,25.517142857142858,0.785481903212688,0.04958723994695157,Pre
2017,21,2017.4038461538462,99.26,73.39285714285714,18.48142857142857,26.09,0.7380597014925374,0.08264539991158595,Pre
2017,22,2017.423076923077,98.31142857142858,68.97428571428571,16.065714285714286,28.047142857142855,0.7052757793764987,0.09917447989390314,Pre
2017,23,2017.4423076923076,100,64.69571428571429,15.530000000000001,29.478571428571428,0.6372709871479355,0.024793619973475785,Pre
2017,24,2017.4615384615386,98.40142857142857,64.66,16.975714285714286,28.112857142857145,0.5341542069774259,0.08264539991158595,Pre
2017,25,2017.4807692307693,97.58714285714287,62.42,17.074285714285715,26.57,0.661256544502618,0.06611631992926877,Pre
2017,26,2017.5,99.10571428571428,63.65,14.911428571428571,27.275714285714287,0.7037828947368422,0.04958723994695157,Pre
2017,27,2017.5192307692307,98.61571428571429,56.01857142857143,14.082857142857144,26.042857142857144,0.49023437500000017,0.08264539991158595,Pre
2017,28,2017.5384615384614,99.32142857142857,56.644285714285715,14.588571428571429,25.34,0.22905219780219782,0.07438085992042735,Pre
2017,29,2017.5576923076924,99.92,52.99857142857143,13.418571428571429,23.774285714285714,-0.09384615384615377,0.04132269995579298,Pre
2017,30,2017.576923076923,98.03571428571429,58.034285714285716,14.285714285714285,26.178571428571427,-0.3942307692307693,0.057851779938110165,Pre
2017,31,2017.5961538461538,96.58857142857143,47.80142857142857,14.245714285714286,25.382857142857144,-0.36802030456852786,0.04958723994695157,Pre
2017,32,2017.6153846153845,93.69714285714285,52.47428571428571,12.807142857142857,23.315714285714286,-0.44416243654822357,0.10743901988506174,Pre
2017,33,2017.6346153846155,97.46428571428571,49.74142857142857,12.744285714285715,22.532857142857143,-0.6917808219178083,0.024793619973475785,Pre
2017,34,2017.6538461538462,97.22428571428571,63.49142857142857,10.672857142857143,23.358571428571427,-0.35727788279773115,0.04132269995579298,Pre
2017,35,2017.673076923077,98.01857142857143,54.43857142857143,12.602857142857143,22.751428571428573,-0.26483516483516495,0.057851779938110165,Pre
2017,36,2017.6923076923076,96.66857142857143,46.31285714285714,10.838571428571429,21.587142857142858,-0.3173076923076923,0.04958723994695157,Pre
2017,37,2017.7115384615386,88.03714285714285,29.722857142857144,9.351428571428572,23.65142857142857,-0.2499999999999998,0.024793619973475785,Pre
2017,38,2017.7307692307693,84.24,24.66857142857143,10.415714285714285,22.34,-0.1542338709677421,0.04958723994695157,Pre
2017,39,2017.75,93.17857142857143,26.41857142857143,9.064285714285713,22.97142857142857,-0.2881944444444444,0.03305815996463438,Pre
2017,40,2017.7692307692307,96.12428571428572,37.08142857142857,9.82,20.935714285714287,-0.36893203883495146,0.08264539991158595,Pre
2017,41,2017.7884615384614,96.07142857142857,44.59857142857143,10.58,21.37857142857143,-0.11190965092402484,0.09090993990274455,Pre
2017,42,2017.8076923076924,91.29428571428572,37.722857142857144,11.582857142857144,21.83,0.07899159663865578,0.09090993990274455,Pre
2017,43,2017.826923076923,90.58857142857143,38.17142857142857,13.291428571428572,18.71857142857143,0.11911764705882331,0.057851779938110165,Pre
2017,44,2017.8461538461538,95.49285714285715,51.18714285714286,11.129999999999999,22.60857142857143,0.45168067226890773,0.08264539991158595,Pre
2017,45,2017.8653846153845,96.24857142857142,48.642857142857146,12.264285714285714,19.93285714285714,0.5952380952380951,0.11570355987622033,Pre
2017,46,2017.8846153846155,96.63428571428571,57.66142857142857,11.23857142857143,23.115714285714287,0.859098228663446,0.14049717984969612,Pre
2017,47,2017.9038461538462,96.73142857142857,41.607142857142854,14.475714285714286,20.795714285714286,0.4120879120879122,0.057851779938110165,Pre
2017,48,2017.923076923077,97.67714285714285,59.15,14.042857142857143,24.124285714285715,0.2949640287769787,0.09090993990274455,Pre
2017,49,2017.9423076923076,96.6,56.51857142857143,15.11142857142857,22.388571428571428,0.1743725231175696,0.06611631992926877,Pre
2017,50,2017.9615384615386,96.95714285714286,48.99,15.062857142857142,22.695714285714285,-0.07936507936507871,0.12396809986737893,Pre
2017,51,2017.9807692307693,97.12571428571428,40.43714285714286,17.798571428571428,25.50857142857143,-0.20192307692307682,0.08264539991158595,Pre
2017,52,2018,96.92857142857143,53.33857142857143,16.298571428571428,28.259999999999998,-0.14423076923076938,0.04132269995579298,Pre
2018,1,2018.0192307692307,97.35571428571428,65.40142857142857,16.580000000000002,31.702857142857145,-0.293218085106383,0.12318440557693582,Pre
2018,2,2018.0384615384614,97.40285714285714,57.51571428571428,15.537142857142857,30.944285714285716,0.07418224299065448,0.18888275521796824,Pre
2018,3,2018.0576923076924,97.73285714285714,68.40285714285714,14.715714285714286,28.167142857142856,0.551571038251366,0.21351963633335538,Pre
2018,4,2018.076923076923,97.77714285714286,62.00857142857143,14.77,26.798571428571428,0.6715017064846418,0.20530734262822634,Pre
2018,5,2018.0961538461538,96.13571428571429,56.75857142857143,15.602857142857143,32.441428571428574,0.630784708249497,0.16424587410258107,Pre
2018,6,2018.1153846153845,97.80285714285715,58.42,16.18857142857143,30.187142857142856,0.670212765957447,0.15603358039745202,Pre
2018,7,2018.1346153846155,97.44571428571429,49.74285714285715,17.76857142857143,27.132857142857144,0.705350686912509,0.1970950489230973,Pre
2018,8,2018.1538461538462,96.91,57.00142857142857,16.294285714285714,26.97142857142857,0.5365938258758242,0.12318440557693582,Pre
2018,9,2018.173076923077,97.91857142857143,55.455714285714286,19.124285714285715,24.95,0.5878210439105219,0.13139669928206488,Pre
2018,10,2018.1923076923076,98.60714285714286,60.32857142857143,18.86857142857143,28.678571428571427,0.5391705069124424,0.14782128669232297,Pre
2018,11,2018.2115384615386,97.84,56.160000000000004,18.44142857142857,26.204285714285714,0.3270094857713429,0.09854752446154864,Pre
2018,12,2018.2307692307693,97.77571428571429,51.21285714285714,18.158571428571427,26.26,0.476910159529807,0.10675981816667769,Pre
2018,13,2018.25,97.86571428571429,61.41142857142857,19.25857142857143,29.552857142857142,0.4284621270084159,0.1806704615128392,Pre
2018,14,2018.2692307692307,97.32142857142857,65.96571428571428,19.548571428571428,30.32142857142857,0.2976377952755906,0.13960899298719393,Pre
2018,15,2018.2884615384614,98.79428571428572,59.36571428571429,17.181428571428572,28.31142857142857,0.11604439959636698,0.12318440557693582,Pre
2018,16,2018.3076923076924,98.77714285714286,48.894285714285715,16.537142857142857,25.878571428571426,0.029294274300931993,0.13139669928206488,Pre
2018,17,2018.326923076923,98.96428571428571,50.56,18.16857142857143,27.77,-0.05384615384615406,0.1806704615128392,Pre
2018,18,2018.3461538461538,99.96428571428571,43.097142857142856,18.48,24.352857142857143,-0.00665859564164631,0.17245816780771014,Pre
2018,19,2018.3653846153845,98.83857142857143,35.864285714285714,18.514285714285716,26.814285714285713,0.07627118644067815,0.13139669928206488,Pre
2018,20,2018.3846153846155,98.45428571428572,44.87428571428571,18.568571428571428,28.49,0.011867088607594998,0.1806704615128392,Pre
2018,21,2018.4038461538462,98.91,49.13285714285714,19.338571428571427,26.947142857142858,-0.29797297297297276,0.06569834964103244,Pre
2018,22,2018.423076923077,99.22428571428571,36.49,18.927142857142858,28.03857142857143,0.27291666666666675,0.04927376223077432,Pre
2018,23,2018.4423076923076,97.08142857142857,33.42142857142857,18.661428571428573,26.925714285714285,0.45419621749408984,0.05748605593590337,Pre
2018,24,2018.4615384615386,97.79571428571428,54.347142857142856,17.434285714285714,27.504285714285714,0.5648414985590778,0.07391064334616149,Pre
2018,25,2018.4807692307693,96.00857142857143,57.857142857142854,16.422857142857143,27.482857142857142,0.7159147248388695,0.01642458741025811,Pre
2018,26,2018.5,99.85714285714286,44.107142857142854,14.282857142857143,28.644285714285715,0.5174504041146217,0.10675981816667769,Pre
2018,27,2018.5192307692307,90.69857142857143,31.75,16.16,30.27285714285714,0.5075925925925924,0.06569834964103244,Pre
2018,28,2018.5384615384614,98.15285714285714,34.79714285714286,16.041428571428572,28.25,0.46706695778748175,0.05748605593590337,Pre
2018,29,2018.5576923076924,90.70571428571428,33.207142857142856,14.951428571428572,25.857142857142858,0.2620949844651578,0.11497211187180674,Pre
2018,30,2018.576923076923,84.67,25.884285714285713,14.934285714285714,26.315714285714286,0.1035589264877482,0.05748605593590337,Pre
2018,31,2018.5961538461538,94.42714285714285,34.18714285714286,10.004285714285714,27.68285714285714,-0.1302657161373946,0.02463688111538716,Pre
2018,32,2018.6153846153845,92.75,51.74142857142857,11.404285714285715,24.422857142857143,-0.15770862800565763,0.02463688111538716,Pre
2018,33,2018.6346153846155,98.01857142857143,46.56428571428572,12.962857142857143,27.994285714285716,-0.06896551724137935,0.04106146852564527,Pre
2018,34,2018.6538461538462,98.78714285714285,43.964285714285715,14.654285714285715,29.147142857142857,-0.02530120481927705,0.03284917482051622,Pre
2018,35,2018.673076923077,93.07142857142857,32.205714285714286,12.605714285714285,26.36285714285714,0.023348519362186848,0.03284917482051622,Pre
2018,36,2018.6923076923076,89.31285714285714,37.472857142857144,13.562857142857142,26.057142857142857,0.12967157417893546,0.03284917482051622,Pre
2018,37,2018.7115384615386,92.55428571428571,33.392857142857146,13.437142857142858,23.072857142857142,0.385997521685254,0.03284917482051622,Pre
2018,38,2018.7307692307693,96.00857142857143,36.95285714285714,9.754285714285714,25.46857142857143,0.38045375218150096,0.04927376223077432,Pre
2018,39,2018.75,97.57285714285715,51.41285714285714,12.56,22.515714285714285,0.36279926335174956,0.04106146852564527,Pre
2018,40,2018.7692307692307,95.34,35.99142857142857,13.34142857142857,22.997142857142858,0.2259887005649721,0.04106146852564527,Pre
2018,41,2018.7884615384614,96.79571428571428,53.215714285714284,13.382857142857143,24.388571428571428,-0.14197530864197544,0.02463688111538716,Pre
2018,42,2018.8076923076924,97.71571428571428,59.847142857142856,10.077142857142858,27.605714285714285,-0.09433962264150965,0.04927376223077432,Pre
2018,43,2018.826923076923,97.19571428571429,60.355714285714285,10.855714285714285,27.335714285714285,0.3728813559322036,0.07391064334616149,Pre
2018,44,2018.8461538461538,97.07285714285715,58.035714285714285,13.221428571428572,22.994285714285713,0.15384615384615405,0.04106146852564527,Pre
2018,45,2018.8653846153845,97.49,48.465714285714284,12.297142857142857,28.78142857142857,0.15384615384615377,0.04106146852564527,Pre
2018,46,2018.8846153846155,95.73428571428572,58.06142857142857,11.042857142857143,26.494285714285713,0.10948905109489036,0.04927376223077432,Pre
2018,47,2018.9038461538462,96.26714285714286,42.16,13.212857142857143,22.46,0.12781954887218025,0.06569834964103244,Pre
2018,48,2018.923076923077,96.51714285714286,57.50857142857143,15.631428571428572,22.282857142857143,0.12738853503184713,0.05748605593590337,Pre
2018,49,2018.9423076923076,97.28714285714285,57.721428571428575,16.305714285714284,23.26142857142857,0.34797297297297286,0.0903352307564196,Pre
2018,50,2018.9615384615386,96.59,54.06285714285714,16.597142857142856,28.225714285714286,0.4172661870503598,0.07391064334616149,Pre
2018,51,2018.9807692307693,93.67,34.88428571428572,17.36285714285714,26.33142857142857,0.38758389261744963,0.06569834964103244,Pre
2018,52,2019,96.36571428571429,49.84,16.294285714285714,26.145714285714284,0.34615384615384603,0.09854752446154864,Pre
2019,1,2019.0192307692307,98.14285714285714,57.06428571428572,15.61,27.224285714285713,2.1355932203389827,0.26934327498405775,Pre
2019,2,2019.0384615384614,98.46428571428571,51.74,15.442857142857143,25.89857142857143,1.2694117647058822,0.326476696950373,Pre
2019,3,2019.0576923076924,97.06285714285714,55.19857142857143,15.381428571428572,30.81,1.4444086990091363,0.4978769628493188,Pre
2019,4,2019.076923076923,96.58,57.26857142857143,17.645714285714288,26.704285714285714,1.3316456381653765,0.6447914764769866,Pre
2019,5,2019.0961538461538,97.86428571428571,58.892857142857146,15.772857142857143,27.085714285714285,1.252043169974656,0.7917059901046546,Pre
2019,6,2019.1153846153845,92.87428571428572,42.23142857142857,17.012857142857143,25.437142857142856,1.1601121644615757,0.8896489991897665,Pre
2019,7,2019.1346153846155,98.40142857142857,53.11714285714286,15.611428571428572,25.90714285714286,1.185147974498276,1.1345065219025463,Pre
2019,8,2019.1538461538462,96.86571428571429,61,16.54714285714286,28.002857142857142,1.2863120092100966,1.5915738976330684,Pre
2019,9,2019.173076923077,98.14285714285714,65.19714285714285,20.69,24.19142857142857,1.2516901963558453,1.9996697688210345,Pre
2019,10,2019.1923076923076,97.76857142857143,72.14285714285714,18.265714285714285,31.374285714285715,1.2996624344063097,2.7097565846880958,Pre
2019,11,2019.2115384615386,97.01714285714286,65.57714285714286,19.795714285714286,25.912857142857142,1.4084078565886722,3.950368033099514,Pre
2019,12,2019.2307692307693,98.04428571428572,70.25,19.981428571428573,26.467142857142857,1.2936476823249423,4.84001703228928,Pre
2019,13,2019.25,98.21428571428571,68.39285714285714,20.30857142857143,26.5,1.195258514162781,5.590913435275138,Epi
2019,14,2019.2692307692307,99.55428571428571,58.642857142857146,19.724285714285713,31.77857142857143,1.2568859041095735,7.427344855620986,Epi
2019,15,2019.2884615384614,97.80285714285715,57.994285714285716,18.854285714285716,31.009999999999998,1.2592479497673734,9.43517654186578,Epi
2019,16,2019.3076923076924,98.94571428571429,67.07285714285715,17.312857142857144,27.67,1.1706018188698106,10.700273742548475,Epi
2019,17,2019.326923076923,97.70571428571428,63.107142857142854,17.81142857142857,30.275714285714287,1.2279845686956314,14.071145638561077,Epi
2019,18,2019.3461538461538,97.73142857142857,62.42,18.981428571428573,29.494285714285713,1.0696779507269434,14.144602895374911,Epi
2019,19,2019.3653846153845,97.92,59.4,19.47,29.43857142857143,0.9546480855170398,12.887667612115976,Epi
2019,20,2019.3846153846155,98.93714285714286,67.69571428571429,18.964285714285715,29.10857142857143,0.8616633729607359,10.8961597607187,Epi
2019,21,2019.4038461538462,98.42,71.88285714285715,19.482857142857142,32.06142857142857,0.7956531897161667,8.96178533128774,Epi
2019,22,2019.423076923077,96.01857142857143,61.24142857142857,18.44,27.957142857142856,0.7762459931254195,6.260190664023403,Epi
2019,23,2019.4423076923076,97.00857142857143,58.82,16.635714285714286,27.207142857142856,0.837242830984914,4.244197060354849,Pre
2019,24,2019.4615384615386,99.76714285714286,64.35571428571428,16.905714285714286,27.091428571428573,0.9536813940071658,2.53835631878915,Pre
2019,25,2019.4807692307693,96.43857142857142,51.65857142857143,17.295714285714286,25.80857142857143,1.0093056668011042,2.407765640009001,Pre
2019,26,2019.5,99.46285714285715,55.839999999999996,15.992857142857142,27.114285714285714,1.0084027568881133,2.4404133097040384,Pre
2019,27,2019.5192307692307,97.54428571428572,47.25142857142857,18.005714285714287,26.17142857142857,1.013771871976136,1.1100207696312683,Pre
2019,28,2019.5384615384614,95.60714285714286,54.455714285714286,16.324285714285715,25.650000000000002,0.9354488493178766,1.0855350173599903,Pre
2019,29,2019.5576923076924,92.24142857142857,47.089999999999996,16.788571428571426,26.794285714285714,0.8712664669708927,0.6203057242057087,Pre
2019,30,2019.576923076923,96.18571428571428,51.82142857142857,16.62857142857143,27.417142857142856,0.8080693112942423,0.6203057242057087,Pre
2019,31,2019.5961538461538,93.78571428571429,46.537142857142854,12.792857142857143,25.324285714285715,0.7549165805744319,0.47339121057804084,Pre
2019,32,2019.6153846153845,97.89428571428572,45.028571428571425,13.68,25.637142857142855,0.6685035285812178,0.37544820149292896,Pre
2019,33,2019.6346153846155,93.78571428571429,47.322857142857146,11.90857142857143,27.11285714285714,0.6524825178907061,0.21220985301774245,Pre
2019,34,2019.6538461538462,95.29571428571428,44.25,11.745714285714286,26.134285714285713,0.6647343495057103,0.0979430090851119,Pre
2019,35,2019.673076923077,97.02714285714286,51.652857142857144,13.474285714285715,25.45285714285714,0.8155747922437676,0.11426684393263055,Pre
2019,36,2019.6923076923076,92.87571428571428,34.072857142857146,13.404285714285715,23.274285714285714,0.7285739034380554,0.0979430090851119,Pre
2019,37,2019.7115384615386,97.37428571428572,57.354285714285716,11.244285714285715,22.638571428571428,0.48707336818769925,0.10610492650887123,Pre
2019,38,2019.7307692307693,84.07857142857144,34.92,7.08,24.74857142857143,0.7774934554422942,0.14691451362766786,Pre
2019,39,2019.75,90.01714285714286,29.74,9.807142857142857,20.045714285714286,0.6224963523013665,0.11426684393263055,Pre
2019,40,2019.7692307692307,96.1,48.73428571428572,12.26142857142857,23.815714285714286,0.8123170305911422,0.10610492650887123,Pre
2019,41,2019.7884615384614,95.83857142857143,23.24,12.087142857142858,23.63142857142857,0.6580915891260725,0.14691451362766786,Pre
2019,42,2019.8076923076924,96.21428571428571,43.357142857142854,11.997142857142856,25.397142857142857,0.575039613672376,0.11426684393263055,Pre
2019,43,2019.826923076923,92.94714285714285,33.82142857142857,10.907142857142857,21.67142857142857,0.29855279614078967,0.0979430090851119,Pre
2019,44,2019.8461538461538,94.49857142857142,39.73285714285714,12.075714285714286,20.5,-0.06474820143884913,0.0652953393900746,Pre
2019,45,2019.8653846153845,92.67,32.22142857142857,12.81,21.16,-0.020785219399538233,0.12242876135638987,Pre
2019,46,2019.8846153846155,95.59714285714286,46.581428571428575,13.484285714285715,24.894285714285715,-0.043023255813953595,0.0979430090851119,Pre
2019,47,2019.9038461538462,96.44714285714285,59.607142857142854,16.927142857142858,23.798571428571428,0.034909909909909734,0.08161917423759325,Pre
2019,48,2019.923076923077,96.95571428571428,45.651428571428575,16.775714285714287,24.03857142857143,-0.14658634538152587,0.14691451362766786,Pre
2019,49,2019.9423076923076,94.80428571428571,52.455714285714286,12.991428571428571,24.23,0.1077943615257049,0.15507643105142718,Pre
2019,50,2019.9615384615386,96.37428571428572,48.56285714285714,13.96,22.19142857142857,0.39984709480122316,0.17140026589894583,Pre
2019,51,2019.9807692307693,96.90142857142857,56.402857142857144,15.971428571428572,27.768571428571427,0.3013245033112583,0.12242876135638987,Pre
2019,52,2020,97.15,56.972857142857144,17.89142857142857,24.791428571428572,0.34977578475336324,0.1632383484751865,Pre
2020,1,2020.0192307692307,98.33714285714287,54,15.21,31.805714285714284,1.7865853658536586,0.53548687765066,Pre
2020,2,2020.0384615384614,96.94,53.177142857142854,18.425714285714285,33.03,1.245995423340961,0.6653018782932443,Pre
2020,3,2020.0576923076924,98.11571428571429,63.75714285714286,18.391428571428573,23.83857142857143,0.9358974358974359,0.5922809404317907,Pre
2020,4,2020.076923076923,96.80285714285715,65.17,16.732857142857142,32.247142857142855,0.9473310653711543,0.6328481281325982,Pre
2020,5,2020.0961538461538,97.45428571428572,60.49,16.185714285714287,28.62857142857143,1.0574858122728943,0.9005915669579283,Pre
2020,6,2020.1153846153845,97.78571428571429,47.80285714285714,14.28,32.57142857142857,1.010282134345611,0.9736125048193818,Pre
2020,7,2020.1346153846155,98.01142857142857,66.16,16.007142857142856,28.604285714285712,1.0630196073884257,1.17644844332342,Pre
2020,8,2020.1538461538462,98.33,66.28714285714285,17.27857142857143,33.07857142857143,0.9192874159751313,1.0466334426808355,Pre
2020,9,2020.173076923077,98.16,62.18,18.685714285714287,30.025714285714287,0.8480505342264908,0.9654990672792204,Pre
2020,10,2020.1923076923076,97.81571428571428,68.65142857142857,18.36,25.984285714285715,0.8067779539494021,1.1926753184037429,Pre
2020,11,2020.2115384615386,98.41,63.19571428571429,18.92,29.337142857142858,0.5960411000302205,0.9573856297390589,Pre
2020,12,2020.2307692307693,99.11571428571429,60.642857142857146,19.795714285714286,26.97142857142857,0.5851269649334948,0.5273734401104985,Pre
2020,13,2020.25,98.57000000000001,65.98285714285714,18.31714285714286,28.354285714285716,0.5103803969359333,0.7788900038555056,Pre
2020,14,2020.2692307692307,98.75,58.15142857142857,16.942857142857143,27.815714285714286,0.482965395184202,0.5841675028916291,Pre
2020,15,2020.2884615384614,98.89285714285714,62.24142857142857,17.914285714285715,27.927142857142858,0.44476871611489255,0.6977556284538904,Pre
2020,16,2020.3076923076924,98.53714285714285,62.75,19.072857142857142,28.737142857142857,0.6195240538493487,0.5273734401104985,Pre
2020,17,2020.326923076923,99.52714285714286,62.24142857142857,17.134285714285713,28.664285714285715,0.6505666751782523,0.5598271902711446,Pre
2020,18,2020.3461538461538,99.5,56.42,18.88714285714286,28.38,0.6492713666797953,0.46246593978920636,Pre
2020,19,2020.3653846153845,97.64142857142858,53.62571428571429,16.56714285714286,27.178571428571427,0.6747778247989845,0.38133156438759125,Pre
2020,20,2020.3846153846155,98.57142857142857,54.028571428571425,15.838571428571429,26.22714285714286,0.6874505966048102,0.33265093914662214,Pre
2020,21,2020.4038461538462,98.25857142857143,58.51714285714286,16.762857142857143,29.614285714285714,0.6218231540565176,0.12981500064258425,Pre
2020,22,2020.423076923077,98.62571428571428,54.30285714285714,18.717142857142857,26.388571428571428,0.5730522193834913,0.17038218834339183,Pre
2020,23,2020.4423076923076,98.29428571428572,45.68714285714286,14.861428571428572,25.48142857142857,0.882259581471902,0.12981500064258425,Pre
2020,24,2020.4615384615386,99.34857142857143,67.64285714285714,15.985714285714286,27.992857142857144,0.8191360516754137,0.14604187572290728,Pre
2020,25,2020.4807692307693,96.38428571428571,62.48571428571429,13.93,25.388571428571428,0.8861969946193092,0.14604187572290728,Pre
2020,26,2020.5,97.98285714285714,60.17,13.805714285714286,24.667142857142856,0.8149403354882809,0.05679406278113061,Pre
2020,27,2020.5192307692307,93.94714285714285,57.38428571428572,14.331428571428571,27.33142857142857,0.8571584699453555,0.07302093786145364,Pre
2020,28,2020.5384615384614,99.04428571428572,57.58,13.997142857142856,27.165714285714287,0.7484018264840182,0.05679406278113061,Pre
2020,29,2020.5576923076924,96.85714285714286,50.30285714285714,11.844285714285714,24.711428571428574,0.6730505302557704,0.08113437540161517,Pre
2020,30,2020.576923076923,96.10714285714286,57.73285714285714,11.608571428571429,26.642857142857142,0.5859060402684563,0.04056718770080758,Pre
2020,31,2020.5961538461538,94.06285714285714,44.55285714285714,12.038571428571428,23.60857142857143,0.2844412760648726,0.06490750032129212,Pre
2020,32,2020.6153846153845,96.66857142857143,57.75285714285714,7.091428571428572,23.412857142857142,0.6860803727431565,0.04056718770080758,Pre
2020,33,2020.6346153846155,99.96428571428571,43.23285714285714,12.288571428571428,24.560000000000002,0.6654195617316949,0.01622687508032303,Pre
2020,34,2020.6538461538462,94.26714285714286,39.19714285714286,15.128571428571428,25.014285714285716,0.5998174071819844,0.0486806252409691,Pre
2020,35,2020.673076923077,97.82857142857144,67.72285714285714,12.572857142857142,22.034285714285716,0.48011165387299365,0.02434031262048455,Pre
2020,36,2020.6923076923076,98.66142857142857,43.63285714285714,12.771428571428572,22.512857142857143,0.1999012833168806,0.008113437540161516,Pre
2020,37,2020.7115384615386,98.26,40.74142857142857,10.081428571428571,23.841428571428573,0.3573008849557523,0.03245375016064606,Pre
2020,38,2020.7307692307693,95.14285714285714,27.51,12.107142857142858,20.104285714285716,0.2615384615384613,0.05679406278113061,Pre
2020,39,2020.75,93.12428571428572,29.132857142857144,12.444285714285714,21.607142857142858,0.29974811083123415,0.07302093786145364,Pre
2020,40,2020.7692307692307,97.94714285714285,45.63428571428572,11.247142857142856,25.111428571428572,0.28571428571428575,0.06490750032129212,Pre
2020,41,2020.7884615384614,90.33,30.117142857142856,12.675714285714285,22.41,0.39466666666666683,0.0486806252409691,Pre
2020,42,2020.8076923076924,95.17857142857143,35.62428571428571,10.062857142857142,22.755714285714287,0.4124668435013262,0.0486806252409691,Pre
2020,43,2020.826923076923,96.09857142857143,36.39142857142857,13.54,19.917142857142856,0.5575221238938052,0.0973612504819382,Pre
2020,44,2020.8461538461538,97.03571428571429,46.01714285714286,13.167142857142856,24.277142857142856,0.07368421052631564,0.01622687508032303,Pre
2020,45,2020.8653846153845,95.85,40.31285714285715,10.234285714285715,23.20285714285714,0.11052631578947371,0.04056718770080758,Pre
2020,46,2020.8846153846155,96.70285714285714,38.535714285714285,15.19142857142857,25.2,0.1082024432809775,0.05679406278113061,Pre
2020,47,2020.9038461538462,97.66285714285713,43.76714285714286,15.905714285714286,21.95,-0.08442776735459648,0.01622687508032303,Pre
2020,48,2020.923076923077,95.44714285714285,48.107142857142854,16.267142857142858,23.64,-0.40456431535269716,0.08113437540161517,Pre
2020,49,2020.9423076923076,97.62285714285714,35.52571428571429,14.214285714285714,27.137142857142855,-0.4285714285714285,0.04056718770080758,Pre
2020,50,2020.9615384615386,96.36428571428571,44.58,18.765714285714285,19.86,-0.43609022556391003,0.05679406278113061,Pre
2020,51,2020.9807692307693,97.15142857142857,48.61714285714286,16.995714285714286,23.548571428571428,-0.5230923694779116,0.04056718770080758,Pre
2020,52,2021,98.14285714285714,54.62428571428571,13.142857142857142,28.39,-0.5173824130879344,0.04056718770080758,Pre
2021,1,2021.0192307692307,96.60714285714286,52.27571428571429,16.397142857142857,32.04714285714286,-0.6111111111111113,0.1210031451137478,Pre
2020,53,2021.0192307692307,97.47285714285714,49.635714285714286,15.731428571428571,31.325714285714287,-0.5511111111111111,0.01622687508032303,Pre
2021,2,2021.0384615384614,97.94714285714285,57.925714285714285,11.602857142857143,26.34857142857143,-0.675301204819277,0.1210031451137478,Pre
2021,3,2021.0576923076924,97.68857142857142,58.86714285714286,16.77,34.34428571428572,0.2603046594982077,0.22587253754566256,Pre
2021,4,2021.076923076923,96.29428571428572,57.38428571428572,15.812857142857142,32.87571428571429,1.2213799504950493,0.36300943534124336,Pre
2021,5,2021.0961538461538,95.16857142857143,48.895714285714284,16.844285714285714,28.36857142857143,1.3935534591194965,0.5404807148414068,Pre
2021,6,2021.1153846153845,95.69857142857143,45.855714285714285,19.027142857142856,28.111428571428572,1.114332176929749,0.5485475911823233,Pre
2021,7,2021.1346153846155,97.39428571428572,49.48142857142857,17.365714285714287,28.911428571428573,1.2919571279191353,0.8631557684780675,Pre
2021,8,2021.1538461538462,98.16857142857143,49.08,19.892857142857142,25.274285714285714,1.047846450546423,0.822821386773485,Pre
2021,9,2021.173076923077,98.12571428571428,47.52571428571429,18.084285714285713,29.341428571428573,1.1381289516070872,1.1454964404101458,Pre
2021,10,2021.1923076923076,97.92,61.01857142857143,18.982857142857142,27.444285714285712,1.0450978297491187,1.2019645747965615,Pre
2021,11,2021.2115384615386,99.23142857142857,55.17857142857143,18.80857142857143,30.88,1.2918992045678013,2.000585332547297,Pre
2021,12,2021.2307692307693,99.41,50.4,19.90714285714286,30.888571428571428,1.348415614679736,2.8153398429798653,Pre
2021,13,2021.25,98.51714285714286,39.221428571428575,19.735714285714284,28.451428571428572,1.646094598597808,4.815925175527163,Pre
2021,14,2021.2692307692307,98.45714285714286,43.25857142857143,19.102857142857143,29.082857142857144,1.436700572416917,6.501902330778715,Epi
2021,15,2021.2884615384614,98.00857142857143,44.25,19.52857142857143,28.505714285714287,1.0841345232225441,6.179227277142054,Epi
2021,16,2021.3076923076924,97.71428571428571,42.097142857142856,17.08142857142857,29.582857142857144,1.0188604177779987,6.267962916892136,Epi
2021,17,2021.326923076923,99.03428571428572,52.62428571428571,17.947142857142858,27.572857142857142,0.8918925382700725,4.904660815277245,Pre
2021,18,2021.3461538461538,98.49142857142857,44.46285714285714,17.987142857142857,28.88142857142857,0.8526726762688962,4.315778842390338,Pre
2021,19,2021.3653846153845,99.33,39.39285714285714,19.017142857142858,27.975714285714286,0.7970604054061655,3.47682370293502,Pre
2021,20,2021.3846153846155,98.70428571428572,47.660000000000004,17.712857142857143,29.51142857142857,0.7733989133828312,2.4119960259340396,Pre
2021,21,2021.4038461538462,96.5,39.41,18.805714285714284,30.655714285714286,0.7641218234677241,1.8392478057289667,Pre
2021,22,2021.423076923077,93.70571428571428,35.51857142857143,18.27857142857143,27.59,0.8224118201989785,1.7343784132970517,Pre
2021,23,2021.4423076923076,99.08,45.33857142857143,16.48857142857143,28.95,0.9090264747630236,1.395569606978558,Pre
2021,24,2021.4615384615386,100,49.035714285714285,16.112857142857145,29.502857142857142,1.0246287508264684,0.7663532523870694,Pre
2021,25,2021.4807692307693,99.32000000000001,45.82857142857143,14.712857142857143,26.474285714285713,0.9624712492667028,0.4517450750913251,Pre
2021,26,2021.5,99.72428571428571,46.61714285714286,14.678571428571429,27.47142857142857,0.9150886071971541,0.37107631168215993,Pre
2021,27,2021.5192307692307,96.49857142857142,37.30428571428571,14.544285714285714,29.282857142857143,0.8219546411397889,0.23393941388657907,Pre
2021,28,2021.5384615384614,99.86571428571429,38.214285714285715,12.76,31.439999999999998,0.8372761435056653,0.23393941388657907,Pre
2021,29,2021.5576923076924,91.83,32.67,13.227142857142857,28.341428571428573,0.7790834904191223,0.14520377413649735,Pre
2021,30,2021.576923076923,96.84714285714286,21.767142857142858,12.271428571428572,27.464285714285715,0.7306343431020753,0.18553815584107997,Pre
2021,31,2021.5961538461538,89.46571428571428,35.58857142857143,12.172857142857143,27.414285714285715,0.7938839599042599,0.11293626877283128,Pre
2021,32,2021.6153846153845,99.10714285714286,39.402857142857144,13.332857142857144,24.187142857142856,0.8071827689310409,0.11293626877283128,Pre
2021,33,2021.6346153846155,92.84857142857143,42.98428571428572,14.144285714285715,25.43285714285714,0.6795366869617727,0.13713689779558083,Pre
2021,34,2021.6538461538462,83.66142857142857,24.284285714285716,11.061428571428571,25.86,0.5024160406454163,0.13713689779558083,Pre
2021,35,2021.673076923077,76.79571428571428,32.01,12.262857142857143,24.064285714285713,0.5265725555324889,0.13713689779558083,Pre
2021,36,2021.6923076923076,97.21142857142857,38.66142857142857,8.879999999999999,25.077142857142857,0.6434663128968067,0.0806687634091652,Pre
2021,37,2021.7115384615386,96.79428571428572,35.24,10.94142857142857,25.767142857142858,0.4545534613352126,0.10486939243191476,Pre
2021,38,2021.7307692307693,93.76857142857143,35.93,11.014285714285714,25.53,0.5249301025163096,0.09680251609099824,Pre
2021,39,2021.75,93.02857142857142,31.51,6.8914285714285715,24.22142857142857,0.16719242902208162,0.14520377413649735,Pre
2021,40,2021.7692307692307,93.91142857142857,30.509999999999998,7.208571428571428,21.962857142857143,0.10992907801418401,0.11293626877283128,Pre
2021,41,2021.7884615384614,94.37428571428572,43.13285714285714,10.39857142857143,23.824285714285715,0.010218978102189216,0.0806687634091652,Pre
2021,42,2021.8076923076924,96.57285714285715,46.93714285714286,11.587142857142856,21.804285714285715,0.15068493150684933,0.09680251609099824,Pre
2021,43,2021.826923076923,97.68714285714286,49.152857142857144,13.977142857142857,22.79,0.19047619047619077,0.09680251609099824,Pre
2021,44,2021.8461538461538,96.49857142857142,59.29571428571428,14.841428571428573,25.194285714285716,0.33817427385892135,0.04840125804549912,Pre
2021,45,2021.8653846153845,97.27571428571429,47.11571428571429,13.632857142857143,23.495714285714286,0.19230769230769243,0.08873563975008172,Pre
2021,46,2021.8846153846155,94.93714285714286,41.44714285714286,15.697142857142858,21.107142857142858,0.03465346534653451,0.08873563975008172,Pre
2021,47,2021.9038461538462,96.57142857142857,42.99857142857143,15.778571428571428,22.458571428571428,0.14767932489451469,0.09680251609099824,Pre
2021,48,2021.923076923077,96.03571428571429,34.457142857142856,13.621428571428572,23.992857142857144,0.1951754385964912,0.217805661204746,Pre
2021,49,2021.9423076923076,95.74142857142857,38.00857142857143,15.774285714285714,30.545714285714286,1.0411471321695764,0.27427379559116166,Pre
2021,50,2021.9615384615386,97.66142857142857,38.294285714285714,15.164285714285715,28.904285714285713,0.7318084537185661,0.20167190852291297,Pre
2021,51,2021.9807692307693,95.12714285714286,55.00857142857143,15.894285714285715,26.73857142857143,0.6105952380952384,0.09680251609099824,Pre
